{
	"description": "Olympic Games with host city, host nation, olympiad number (different for winter and summer), year, start date, end date, countries participating, athletes participating, and number of events.",
	"source": "Compiled from information on Olympics.org",
	"olympics": {
		"summer" : [
			{
				"city": "Athens",
				"nation": "Greece",
				"olympiad": "I",
				"year": "1896",
				"opening": "6 April",
				"closing": "15 April",
				"athletes": 241,
				"countries": 14,
				"events": 43
			},
			{
				"city": "Paris",
				"nation": "France",
				"olympiad": "II",
				"year": "1900",
				"opening": "14 May",
				"closing": "28 October",
				"athletes": 997,
				"countries": 24,
				"events": 95
			},
			{
				"city": "St.Louis",
				"nation": "United States of America",
				"olympiad": "III",
				"year": "1904",
				"opening": "1 July",
				"closing": "23 November",
				"athletes": 651,
				"countries": 12,
				"events": 95
			},
			{
				"city": "London",
				"nation": "United Kingdom",
				"olympiad": "IV",
				"year": "1908",
				"opening": "27 April",
				"closing": "31 October",
				"athletes": 2008,
				"countries": 22,
				"events": 110
			},

			{
				"city": "Stockholm",
				"nation": "Sweden",
				"olympiad": "V",
				"year": "1912",
				"opening": "5 May",
				"closing": "27 July",
				"athletes": 2407,
				"countries": 28,
				"events": 102
			},
			{
				"city": "Antwerp",
				"nation": "Belgium",
				"olympiad": "VII",
				"year": "1920",
				"opening": "14 August",
				"closing": "12 September",
				"athletes": 29,
				"countries": 2622,
				"events": 156
			},
			{
				"city": "Paris",
				"nation": "France",
				"olympiad": "VIII",
				"year": "1924",
				"opening": "4 May",
				"closing": "27 July",
				"athletes": 3089,
				"countries": 44,
				"events": 126
			},
			{
				"city": "Amsterdam",
				"nation": "Netherlands",
				"olympiad": "IX",
				"year": "1928",
				"opening": "28 July",
				"closing": "12 August",
				"athletes": 2883,
				"countries": 46,
				"events": 109
			},
			{
				"city": "Los Angeles",
				"nation": "United States of America",
				"olympiad": "X",
				"year": "1932",
				"opening": "30 July",
				"closing": "14 August",
				"athletes": 1332,
				"countries": 37,
				"events": 117
			},
			{
				"city": "Berlin",
				"nation": "Germany",
				"olympiad": "XI",
				"year": "1936",
				"opening": "1 August",
				"closing": "14 August",
				"athletes": 3963,
				"countries": 49,
				"events": 129
			},
			{
				"city": "London",
				"nation": "United Kingdom",
				"olympiad": "XIV",
				"year": "1948",
				"opening": "29 July",
				"closing": "14 August",
				"athletes": 4104,
				"countries": 59,
				"events": 136
			},
			{
				"city": "Helsinki",
				"nation": "Finland",
				"olympiad": "XV",
				"year": "1952",
				"opening": "19 July",
				"closing": "3 August",
				"athletes": 4955,
				"countries": 69,
				"events": 149
			},
			{
				"city": "Melbourne",
				"nation": "Australia",
				"olympiad": "XVI",
				"year": "1956",
				"opening": "22 November",
				"closing": "8 December",
				"athletes": 3314,
				"countries": 72,
				"events": 151
			},
			{
				"city": "Rome",
				"nation": "Italy",
				"olympiad": "XVII",
				"year": "1960",
				"opening": "25 August",
				"closing": "11 September",
				"athletes": 5338,
				"countries": 83,
				"events": 150
			},
			{
				"city": "Tokyo",
				"nation": "Japan",
				"olympiad": "XVIII",
				"year": "1964",
				"opening": "10 October",
				"closing": "24 October",
				"athletes": 5151,
				"countries": 93,
				"events": 163
			},
			{
				"city": "Mexico City",
				"nation": "Mexico",
				"olympiad": "XIX",
				"year": "1968",
				"opening": "12 October",
				"closing": "27 October",
				"athletes": 5516,
				"countries": 112,
				"events": 172
			},
			{
				"city": "Munich",
				"nation": "West Germany",
				"olympiad": "XX",
				"year": "1972",
				"opening": "26 August",
				"closing": "10 September",
				"athletes": 7134,
				"countries": 121,
				"events": 195
			},
			{
				"city": "Montreal",
				"nation": "Canada",
				"olympiad": "XXI",
				"year": "1976",
				"opening": "17 July",
				"closing": "1 August",
				"athletes": 6084,
				"countries": 92,
				"events": 198
			},
			{
				"city": "Moscow",
				"nation": "Soviet Union",
				"olympiad": "XXII",
				"year": "1980",
				"opening": "19 July",
				"closing": "3 August",
				"athletes": 5179,
				"countries": 80,
				"events": 203
			},
			{
				"city": "Los Angeles",
				"nation": "United States of America",
				"olympiad": "XXIII",
				"year": "1984",
				"opening": "28 July",
				"closing": "12 August",
				"athletes": 6829,
				"countries": 140,
				"events": 221
			},
			{
				"city": "Seoul",
				"nation": "South Korea",
				"olympiad": "XXIV",
				"year": "1988",
				"opening": "17 September",
				"closing": "2 October",
				"athletes": 8391,
				"countries": 159,
				"events": 237
			},
			{
				"city": "Barcelona",
				"nation": "Spain",
				"olympiad": "XXV",
				"year": "1992",
				"opening": "25 July",
				"closing": "9 August",
				"athletes": 9356,
				"countries": 169,
				"events": 257
			},
			{
				"city": "Atlanta",
				"nation": "United States of America",
				"olympiad": "XXVI",
				"year": "1996",
				"opening": "19 July",
				"closing": "4 August",
				"athletes": 10318,
				"countries": 197,
				"events": 271
			},
			{
				"city": "Sydney",
				"nation": "Australia",
				"olympiad": "XXVII",
				"year": "2000",
				"opening": "15 September",
				"closing": "1 October",
				"athletes": 10651,
				"countries": 199,
				"events": 300
			},
			{
				"city": "Athens",
				"nation": "Greece",
				"olympiad": "XXVIII",
				"year": "2004",
				"opening": "13 August",
				"closing": "29 August",
				"athletes": 10625,
				"countries": 201,
				"events": 301
			},
			{
				"city": "Beijing",
				"nation": "China",
				"olympiad": "XXIX",
				"year": "2008",
				"opening": "8 August",
				"closing": "24 August",
				"athletes": 10942,
				"countries": 204,
				"events": 302
			},
			{
				"city": "London",
				"nation": "United Kingdom",
				"olympiad": "XXX",
				"year": "2012",
				"opening": "27 July",
				"closing": "12 August",
				"athletes": 10768,
				"countries": 204,
				"events": 302
			},
			{
				"city": "Rio de Janeiro",
				"nation": "Brazil",
				"olympiad": "XXXI",
				"year": "2016",
				"opening": "5 August",
				"closing": "21 August",
				"athletes": 11238,
				"countries": 207,
				"events": 306
			}
		],
		"winter" : [
			{
				"city": "Chamonix",
				"nation": "France",
				"olympiad": "I",
				"year": "1924",
				"opening": "25 January",
				"closing": "5 February",
				"athletes": 258,
				"countries": 16,
				"events": 16
			},
			{
				"city": "St.Moritz",
				"nation": "Switzerland",
				"olympiad": "II",
				"year": "1928",
				"opening": "11 February",
				"closing": "19 February",
				"athletes": 464,
				"countries": 25,
				"events": 14
			},
			{
				"city": "Lake Placid",
				"nation": "United States of America",
				"olympiad": "III",
				"year": "1932",
				"opening": "4 February",
				"closing": "15 February",
				"athletes": 252,
				"countries": 17,
				"events": 14
			},
			{
				"city": "Garmisch-Partenkirchen",
				"nation": "Germany",
				"olympiad": "IV",
				"year": "1936",
				"opening": "6 February",
				"closing": "16 February",
				"athletes": 646,
				"countries": 28,
				"events": 17
			},
			{
				"city": "St.Moritz",
				"nation": "Switzerland",
				"olympiad": "V",
				"year": "1948",
				"opening": "30 January",
				"closing": "8 February",
				"athletes": 669,
				"countries": 28,
				"events": 22
			},
			{
				"city": "Oslo",
				"nation": "Norway",
				"olympiad": "VI",
				"year": "1952",
				"opening": "14 February",
				"closing": "25 February",
				"athletes": 694,
				"countries": 30,
				"events": 22
			},
			{
				"city": "Cortina d'Amprezzo",
				"nation": "Italy",
				"olympiad": "VII",
				"year": "1956",
				"opening": "26 January",
				"closing": "5 February",
				"athletes": 821,
				"countries": 32,
				"events": 24
			},
			{
				"city": "Squaw Valley",
				"nation": "United States of America",
				"olympiad": "VIII",
				"year": "1960",
				"opening": "18 February",
				"closing": "28 February",
				"athletes": 665,
				"countries": 30,
				"events": 27
			},
			{
				"city": "Innsbruck",
				"nation": "Austria",
				"olympiad": "IX",
				"year": "1964",
				"opening": "29 January",
				"closing": "9 February",
				"athletes": 1091,
				"countries": 36,
				"events": 34
			},
			{
				"city": "Grenoble",
				"nation": "France",
				"olympiad": "X",
				"year": "1968",
				"opening": "6 February",
				"closing": "18 February",
				"athletes": 1158,
				"countries": 37,
				"events": 35
			},
			{
				"city": "Sapparo",
				"nation": "Japan",
				"olympiad": "XI",
				"year": "1972",
				"opening": "3 February",
				"closing": "13 February",
				"athletes": 1006,
				"countries": 35,
				"events": 35
			},
			{
				"city": "Innsbruck",
				"nation": "Austria",
				"olympiad": "XII",
				"year": "1976",
				"opening": "4 February",
				"closing": "15 February",
				"athletes": 1123,
				"countries": 37,
				"events": 37
			},
			{
				"city": "Lake Placid",
				"nation": "United States",
				"olympiad": "XIII",
				"year": "1980",
				"opening": "13 February",
				"closing": "24 February",
				"athletes": 1072,
				"countries": 37,
				"events": 38
			},
			{
				"city": "Sarajevo",
				"nation": "Yugoslavia",
				"olympiad": "XIV",
				"year": "1984",
				"opening": "8 February",
				"closing": "19 February",
				"athletes": 1272,
				"countries": 49,
				"events": 39
			},
			{
				"city": "Calgary",
				"nation": "Canada",
				"olympiad": "XV",
				"year": "1988",
				"opening": "13 February",
				"closing": "28 February",
				"athletes": 1423,
				"countries": 57,
				"events": 46
			},
			{
				"city": "Albertville",
				"nation": "France",
				"olympiad": "XVI",
				"year": "1992",
				"opening": "8 February",
				"closing": "23 February",
				"athletes": 1801,
				"countries": 64,
				"events": 57
			},
			{
				"city": "Lillehammer",
				"nation": "Norway",
				"olympiad": "XVII",
				"year": "1994",
				"opening": "12 February",
				"closing": "27 February",
				"athletes": 1737,
				"countries": 67,
				"events": 61
			},
			{
				"city": "Nagano",
				"nation": "Japan",
				"olympiad": "XVIII",
				"year": "1998",
				"opening": "7 February",
				"closing": "22 February",
				"athletes": 2176,
				"countries": 72,
				"events": 68
			},
			{
				"city": "Salt Lake City",
				"nation": "United States of America",
				"olympiad": "XIX",
				"year": "2002",
				"opening": "8 February",
				"closing": "24 February",
				"athletes": 2399,
				"countries": 78,
				"events": 78
			},
			{
				"city": "Turin",
				"nation": "Italy",
				"olympiad": "XX",
				"year": "2006",
				"opening": "10 February",
				"closing": "26 February",
				"athletes": 2508,
				"countries": 80,
				"events": 84
			},
			{
				"city": "Vancouver",
				"nation": "Canada",
				"olympiad": "XXI",
				"year": "2010",
				"opening": "12 February",
				"closing": "28 February",
				"athletes": 2566,
				"countries": 82,
				"events": 86
			},
			{
				"city": "Sochi",
				"nation": "Russia",
				"olympiad": "XXII",
				"year": "2014",
				"opening": "7 February",
				"closing": "23 February",
				"athletes": 2873,
				"countries": 88,
				"events": 98
			},
			{
				"city": "Pyeongchang",
				"nation": "South Korea",
				"olympiad": "XXIII",
				"year": "2018",
				"opening": "9 February",
				"closing": "25 February",
				"athletes": 2922,
				"countries": 92,
				"events": 102
			}
		]
	}
}