[
    {
        "name": "Alpha Delta Theta",
        "symbol": "ΑΔΘ",
        "founded": "1919 - 1939, Phi Mu",
        "affiliation": "",
        "traditional_emphasis": ""
    },
    {
        "name": "Beta Kappa",
        "symbol": "ΒΚ",
        "founded": "1901 - 1942, Theta Chi",
        "affiliation": "",
        "traditional_emphasis": ""
    },
    {
        "name": "Beta Phi Alpha",
        "symbol": "ΒΦΑ",
        "founded": "1919 - 1941, Delta Zeta",
        "affiliation": "",
        "traditional_emphasis": ""
    },
    {
        "name": "Delta Sigma Epsilon",
        "symbol": "ΔΣΕ",
        "founded": "1914 - 1956, Delta Zeta",
        "affiliation": "",
        "traditional_emphasis": ""
    },
    {
        "name": "Iota Alpha Pi",
        "symbol": "ΙΑΠ",
        "founded": "1903 - 1971",
        "affiliation": "",
        "traditional_emphasis": ""
    },
    {
        "name": "Kappa Phi Lambda",
        "symbol": "ΚΦΛ",
        "founded": "1862 - 1874",
        "affiliation": "",
        "traditional_emphasis": ""
    },
    {
        "name": "Lambda Omega",
        "symbol": "ΛΩ",
        "founded": "1915 - 1933, Delta Zeta",
        "affiliation": "",
        "traditional_emphasis": ""
    },
    {
        "name": "Pi Delta Kappa",
        "symbol": "ΠΔΚ",
        "founded": "1907 - 1913, Chi Omega",
        "affiliation": "",
        "traditional_emphasis": ""
    },
    {
        "name": "Pi Kappa Sigma",
        "symbol": "ΠΚΣ",
        "founded": "1894 - 1959 Sigma Kappa",
        "affiliation": "",
        "traditional_emphasis": ""
    },
    {
        "name": "Pi Lambda Sigma",
        "symbol": "ΠΛΣ",
        "founded": "1903 - 1959 Beta Phi Mu",
        "affiliation": "",
        "traditional_emphasis": ""
    },
    {
        "name": "Sigma Iota",
        "symbol": "ΣΙ",
        "founded": "1904 - 1931 Phi Iota Alpha",
        "affiliation": "",
        "traditional_emphasis": ""
    },
    {
        "name": "Phi Omega Pi",
        "symbol": "ΦΩΠ",
        "founded": "1922 - 1946 Delta Zeta",
        "affiliation": "",
        "traditional_emphasis": ""
    },
    {
        "name": "Phi Lambda Alpha",
        "symbol": "ΦΛΑ",
        "founded": "1919 - 1931 Phi Iota Alpha",
        "affiliation": "",
        "traditional_emphasis": ""
    },
    {
        "name": "Theta Kappa Nu",
        "symbol": "ΘKN",
        "founded": "1924 - 1939 Lambda Chi Alpha",
        "affiliation": "",
        "traditional_emphasis": ""
    },
    {
        "name": "Theta Upsilon",
        "symbol": "ΘΥ",
        "founded": "1921 - 1962 Delta Zeta",
        "affiliation": "",
        "traditional_emphasis": ""
    }
]
