{
  "description" : "Game of Thrones Houses",
  "royal_houses" : [
  "Arryn",
  "Baratheon",
  "Greyjoy",
  "Lannister",
  "Martell",
  "Stark",
  "Targaryen",
  "Tully",
  "Tyrell"
  ],
  "noble_houses_crownlands" : [
  "Blount",
  "Buckwell",
  "Byrch",
  "Bywater",
  "Chelsted",
  "Chyttering",
  "Cressey",
  "Darke",
  "Edgerton",
  "Farring",
  "Follard",
  "Gaunt",
  "Harte",
  "Hayford",
  "Langward",
  "Mallery",
  "Manning",
  "Massey",
  "Pyle",
  "Rambton",
  "Rollingford",
  "Rosby",
  "Rykker",
  "Staunton",
  "Stokeworth",
  "Thorne",
  "Wendwater"
  ],
  "noble_houses_north" : [
  "Ashwood",
  "Bole",
  "Bolton",
  "Branch",
  "Cassel",
  "Cerwyn",
  "Condon",
  "Dustin",
  "Flint of Flint's Finger",
  "Flint of Widow's Watch",
  "Forrester",
  "Glenmore",
  "Holt",
  "Hornwood",
  "Ironsmith",
  "Karstark",
  "Lake",
  "Lightfoot",
  "Locke",
  "Long",
  "Manderly",
  "Marsh",
  "Mollen",
  "Mormont",
  "Moss",
  "Overton",
  "Poole",
  "Reed",
  "Ryswell",
  "Slate",
  "Stout",
  "Umber",
  "Waterman",
  "Wells",
  "Whitehill",
  "Woods",
  "Woolfield"
  ],
  "noble_houses_vale" : [
  "Baelish",
  "Belmore",
  "Breakstone",
  "Coldwater",
  "Corbray",
  "Donniger",
  "Egen",
  "Elesham",
  "Grafton",
  "Hardyng",
  "Hersy",
  "Hunter",
  "Lipps",
  "Lynderly",
  "Melcolm",
  "Moore",
  "Pryor",
  "Redfort",
  "Royce of Runestone",
  "Ruthermont",
  "Tollett",
  "Upcliff",
  "Waynwood",
  "Wydman"
  ],
  "noble_houses_riverlands" : [
  "Bigglestone",
  "Blackwood",
  "Blanetree",
  "Bracken",
  "Butterwell",
  "Chambers",
  "Charlton",
  "Darry",
  "Deddings",
  "Erenford",
  "Frey",
  "Goodbrook",
  "Grell",
  "Harlton",
  "Hawick",
  "Keath",
  "Lolliston",
  "Lychester",
  "Mallister",
  "Mooton",
  "Nutt",
  "Pemford",
  "Perryn",
  "Piper",
  "Roote",
  "Ryger",
  "Shawney",
  "Smallwood",
  "Terrick",
  "Vance of Atranta",
  "Vance of Wayfarer's",
  "Rest",
  "Vypren",
  "Wayn",
  "Whent"
  ],
  "noble_houses_iron_islands" : [
  "Blacktyde",
  "Botley",
  "Drumm",
  "Farwynd of Sealskin Point",
  "Goodbrother of Hammerhorn",
  "Harlaw of Harlaw",
  "Kenning of Harlaw",
  "Merlyn",
  "Myre",
  "Orkwood",
  "Saltcliffe",
  "Sparr",
  "Stonehouse",
  "Stonetree",
  "Sunderly",
  "Tawney",
  "Volmark",
  "Wynch"
  ],
  "noble_houses_westerlands" : [
  "Algood",
  "Banefort",
  "Bettley",
  "Brax",
  "Broom",
  "Crakehall",
  "Doggett",
  "Drox",
  "Estren",
  "Falwell",
  "Farman",
  "Ferren",
  "Foote",
  "Garner",
  "Hamell",
  "Hawthorne",
  "Jast",
  "Kenning of Kayce",
  "Kyndall Lannister of Lannisport",
  "Lefford",
  "Lydden",
  "Marbrand",
  "Moreland",
  "Myatt",
  "Payne",
  "Peckledon",
  "Plumm",
  "Prester",
  "Sarsfield",
  "Sarwyck",
  "Serrett",
  "Stackspear",
  "Turnberry",
  "Westerling",
  "Yarwyck"
  ],
  "noble_houses_reach" : [
  "Ambrose",
  "Appleton",
  "Ashford",
  "Beesbury",
  "Blackbar",
  "Bulwer",
  "Caswell",
  "Cockshaw",
  "Cordwayner",
  "Costayne",
  "Crane",
  "Cuy",
  "Florent",
  "Hightower",
  "Meadows",
  "Merryweather",
  "Mullendore",
  "Oakheart",
  "Peake",
  "Redwyne",
  "Rowan",
  "Shermer",
  "Tarly",
  "Varner",
  "Vyrwel"
  ],
  "noble_houses_stormlands" : [
  "Bolling",
  "Buckler",
  "Cafferen",
  "Errol",
  "Estermont",
  "Fell",
  "Gower",
  "Grandison",
  "Hasty",
  "Herston",
  "Horpe",
  "Kellington",
  "Lonmouth",
  "Mertyns",
  "Morrigen",
  "Musgood",
  "Peasebury",
  "Penrose",
  "Rogers",
  "Seaworth",
  "Staedmon",
  "Swygert",
  "Tarth",
  "Trant",
  "Tudbury",
  "Wagstaff",
  "Wensington",
  "Whitehead",
  "Wylde"
  ],
  "noble_houses_dorne" : [
  "Allyrion",
  "Blackmont",
  "Dayne of Starfall",
  "Fowler",
  "Gargalen",
  "Jordayne",
  "Ladybright",
  "Manwoody",
  "Qorgyle",
  "Toland",
  "Uller",
  "Vaith",
  "Wells",
  "Wyl",
  "Yronwood"
  ]
}  
  
