{
	"Description": "A list of low cost air carriers, with their IATA and ICAO codes, currently in operation as of October 2017.",
	"Africa": [
		{"Egypt":
			[
				{"Air Arabia Egypt": {"IATA": "E5", "ICAO": "RGB"}},
				{"Air Leisure": {"IATA": "AL", "ICAO": "ALD"}},
				{"Aviator Airlines": {"IATA": "T9", "ICAO": "AVV"}},
				{"Air Arabia Egypt": {"IATA": "E5", "ICAO": "RGB"}}
			]
		},
		{"Kenya": 
			[	
				{"Air Peace": {"IATA": "APK", "ICAO": "A4"}},
				{"Forty Five Aviation": {"IATA": "FFV", "ICAO": "5H"}}
			]
		},
		{"Morocco": 
			[	
				{"Air Arabia Maroc": {"IATA": "MAC", "ICAO": "30"}}
			]
		},
		{"South Africa": 
			[	
				{"Kulula": {"IATA": "CAW", "ICAO": "MN"}},
				{"Mango Airlines": {"IATA": "MNO", "ICAO": "JE"}},
				{"Namibia Flyafrica": {"IATA": "NMD", "ICAO": "N6"}},
				{"Safair": {"IATA": "SFR", "ICAO": "FA"}}
			]
		},
		{"Tanzania": 
			[	
				{"Fastjet": {"IATA": "FTZ", "ICAO": "FN"}}
			]
		}
	],
	"Asia and the Pacific": [
		{"Australia":
			[
				{"Jetstar": {"IATA": "JJP", "ICAO": "JQ"}},
				{"Virgin Australia": {"IATA": "VOZ", "ICAO": "VA"}}
			]
		},
		{"China": 
			[	
				{"9Air": {"IATA": "JYH", "ICAO": "AQ"}},
				{"Chengdu Airlines": {"IATA": "UEA", "ICAO": "EU"}},
				{"China West Air": {"IATA": "CHB", "ICAO": "PN"}},
				{"Hong Kong Express Airways": {"IATA": "HKE", "ICAO": "UO"}},
				{"Lucky Air": {"IATA": "LKE", "ICAO": "8L"}},
				{"Ruili Airlines": {"IATA": "RLH", "ICAO": "DR"}},
				{"Spring Airlines": {"IATA": "CQH", "ICAO": "9C"}}
			]
		},
		{"India":
			[
				{"Air Asia India": {"IATA": "IAD", "ICAO": "I5"}},
				{"Air India Express": {"IATA": "AXB", "ICAO": "IX"}},
				{"GoAir": {"IATA": "GOW", "ICAO": "G8"}},
				{"IndiGo": {"IATA": "IGO", "ICAO": "6E"}},
				{"JetKonnect": {"IATA": "JLL", "ICAO": "S2"}},
				{"Spice Jet": {"IATA": "SEJ", "ICAO": "SG"}},
				{"TruJet": {"IATA": "TRJ", "ICAO": "2T"}}
			]
		},
		{"Indonesia":
			[
				{"Citylink": {"IATA": "CTV", "ICAO": "QG"}},
				{"Indonesia Air Asia": {"IATA": "AWQ", "ICAO": "QZ"}},
				{"Lion Air": {"IATA": "LNI", "ICAO": "JT"}},
				{"Wings Air": {"IATA": "WON", "ICAO": "IW"}}
			]
		},
		{"Japan":
			[
				{"Air Do": {"IATA": "ADA", "ICAO": "HD"}},
				{"Jetstar Japan": {"IATA": "JJP", "ICAO": "GK"}},
				{"Peach Aviation": {"IATA": "APJ", "ICAO": "MM"}},
				{"Skymark Airlines": {"IATA": "SKY", "ICAO": "BC"}},
				{"Solaseed Air": {"IATA": "SNJ", "ICAO": "LQ"}},
				{"Spring Airlines Japan": {"IATA": "SJO", "ICAO": "IJ"}},
				{"StarFlyer": {"IATA": "SFJ", "ICAO": "7G"}},
				{"Vanilla Air": {"IATA": "VNL", "ICAO": "JW"}}
			]
		},
		{"Kyrgyzstan":
			[
				{"Air Manas": {"IATA": "MMB", "ICAO": "ZM"}}
			]
		},
		{"Malaysia":
			[
				{"Air Asia": {"IATA": "AXM", "ICAO": "AK"}},
				{"Air Asia X": {"IATA": "XAX", "ICAO": "D7"}},
				{"Malindo Air": {"IATA": "MXD", "ICAO": "OD"}}
			]
		},
		{"Myanmar":
			[
				{"Golden Myanmar Airlines": {"IATA": "GMR", "ICAO": "Y5"}}
			]
		},
		{"Pakistan":
			[
				{"Air Blue": {"IATA": "ABQ", "ICAO": "PA"}}
			]
		},
		{"Philippines":
			[
				{"Cebgo": {"IATA": "SRQ", "ICAO": "DG"}},
				{"Cebu Pacific Air": {"IATA": "CEB", "ICAO": "5J"}},
				{"PAL Express": {"IATA": "GAP", "ICAO": "2P"}},
				{"Philippines Air Asia": {"IATA": "APG", "ICAO": "PQ"}},
				{"SEAir International": {"IATA": "SGD", "ICAO": "XO"}}
			]
		},
		{"Republic of Korea":
			[
				{"Air Busan": {"IATA": "ABL", "ICAO": "BX"}},
				{"Air Seoul": {"IATA": "ASV", "ICAO": "RS"}},
				{"Eastar Jet": {"IATA": "ESR", "ICAO": "ZE"}},
				{"Jeju Air": {"IATA": "JJA", "ICAO": "7C"}},
				{"Jin Air": {"IATA": "JNA", "ICAO": "LJ"}},
				{"T'way Airlines": {"IATA": "TWB", "ICAO": "TW"}}
			]
		},
		{"Samoa":
			[
				{"Virgin Samoa": {"IATA": "PBN", "ICAO": "DJ"}}
			]
		},
		{"Singapore":
			[
				{"Jetstar Asia Airways": {"IATA": "JSA", "ICAO": "3K"}},
				{"Scoot": {"IATA": "SCO", "ICAO": "TZ"}},
				{"Tigerair Singapore": {"IATA": "TGW", "ICAO": "TR"}}
			]
		},
		{"Taiwan":
			[
				{"Tigerair Taiwan": {"IATA": "TTW", "ICAO": "IT"}}
			]
		},
		{"Thailand":
			[
				{"Nok Air": {"IATA": "NOK", "ICAO": "DD"}},
				{"NokScoot Airlines": {"IATA": "NCT", "ICAO": "XW"}},
				{"Thai AirAsia": {"IATA": "AIQ", "ICAO": "FD"}},
				{"Thai AirAsia X": {"IATA": "TAX", "ICAO": "XJ"}},
				{"Thai Lion Air": {"IATA": "TLM", "ICAO": "SL"}},
				{"Thai VietJet Air": {"IATA": "TVJ", "ICAO": "VZ"}}
			]
		},
		{"Vietnam":
			[
				{"Jetstar Pacific Airlines": {"IATA": "PIC", "ICAO": "BL"}}
			]
		}
	],
	"Europe": [
		{"Albania":
			[
				{"Albawings": {"IATA": "AWT", "ICAO": "2B"}}
			]
		},
		{"Austria":
			[
				{"Eurowings Europe": {"IATA": "EWE", "ICAO": "E2"}},
				{"Niki": {"IATA": "NLY", "ICAO": "HG"}}
			]
		},
		{"Belgium":
			[
				{"TUI fly Belgium": {"IATA": "JAF", "ICAO": "X3"}}
			]
		},
		{"Cyprus":
			[
				{"Colabt Aero": {"IATA": "FCB", "ICAO": "CO"}}
			]
		},
		{"Czech Republic":
			[
				{"SmartWings": {"IATA": "TVS", "ICAO": "QS"}}
			]
		},
		{"France":
			[
				{"Transavia France": {"IATA": "TVF", "ICAO": "TO"}}
			]
		},
		{"Germany":
			[
				{"Condor Flugdienst": {"IATA": "CFG", "ICAO": "DE"}},
				{"Eurowings": {"IATA": "EWG", "ICAO": "EW"}},
				{"Germanwings": {"IATA": "GUI", "ICAO": "4U"}},
				{"SunExpress Deutschland": {"IATA": "SXD", "ICAO": "XG"}},
				{"TUIFly": {"IATA": "TUI", "ICAO": "X3"}}
			]
		},
		{"Hungary":
			[
				{"Wizz Air": {"IATA": "WZZ", "ICAO": "W6"}}
			]
		},
		{"Iceland":
			[
				{"WOW Air": {"IATA": "WOW", "ICAO": "WW"}}
			]
		},
		{"Ireland":
			[
				{"Ryanair": {"IATA": "RYR", "ICAO": "FR"}}
			]
		},
		{"Italy":
			[
				{"Blue Panorama": {"IATA": "BPA", "ICAO": "BV"}},
				{"Meridiana": {"IATA": "ISS", "ICAO": "IG"}}
			]
		},
		{"Netherlands":
			[
				{"Transavia.com": {"IATA": "TRA", "ICAO": "HV"}}
			]
		},
		{"Norway":
			[
				{"Norwegian Air Shuttle": {"IATA": "NAX", "ICAO": "DY"}}
			]
		},
		{"Portugal":
			[
				{"Hifly": {"IATA": "HFY", "ICAO": "5K"}}
			]
		},
		{"Romania":
			[
				{"Blue Air": {"IATA": "BMS", "ICAO": "0B"}}
			]
		},
		{"Russia":
			[
				{"Pobeda": {"IATA": "PBD", "ICAO": "DP"}}
			]
		},
		{"Spain":
			[
				{"Volotea": {"IATA": "VOE", "ICAO": "V7"}},
				{"Vueling": {"IATA": "VLG", "ICAO": "VY"}}
			]
		},
		{"Switzerland":
			[
				{"Easyjet Switzerland": {"IATA": "EZS", "ICAO": "DS"}},
				{"Helvetic Airways": {"IATA": "OAW", "ICAO": "2L"}}
			]
		},
		{"Turkey":
			[
				{"Atlasjet Airlines": {"IATA": "KKK", "ICAO": "KK"}},
				{"Corendon Airlines": {"IATA": "CAI", "ICAO": "7H"}},
				{"Onur Air": {"IATA": "OHY", "ICAO": "8Q"}},
				{"Pegasus Airlines": {"IATA": "PGT", "ICAO": "H9"}},
				{"SunExpress": {"IATA": "SXS", "ICAO": "XQ"}}
			]
		},
		{"United Kingdom":
			[
				{"easyJet": {"IATA": "EZY", "ICAO": "U2"}},
				{"Flybe": {"IATA": "BEE", "ICAO": "BE"}},
				{"Jet2.com": {"IATA": "EXS", "ICAO": "LS"}}
			]
		}
	],
	"Latin America and the Caribbean": [
		{"Brazil": 
			[
				{"Azul Linheas Aereas Brazileiras": {"IATA": "AZU", "ICAO": "AD"}},
				{"GOL Linheas Aereas": {"IATA": "GLO", "ICAO": "G3"}}
			]
		},
		{"Chile": 
			[
				{"Sky Airline": {"IATA": "SKU", "ICAO": "H2"}}
			]
		},
		{"Colombia": 
			[
				{"Easy Fly": {"IATA": "EFY", "ICAO": "EF"}},
				{"VivaColombia": {"IATA": "VVC", "ICAO": "FC"}}
			]
		},
		{"Costa Rica": 
			[
				{"Volaris Costa Rica": {"IATA": "VOC", "ICAO": "Q6"}}
			]
		},
		{"Mexico": 
			[
				{"Calafia Airlines": {"IATA": "CFV", "ICAO": "A7"}},
				{"Interjet": {"IATA": "AIJ", "ICAO": "4O"}},
				{"VivaAerobus": {"IATA": "VIV", "ICAO": "VB"}},
				{"Volaris": {"IATA": "VOI", "ICAO": "Q6"}}
			]
		}
	],
	"Middle East": [
		{"Jordan": 
			[
				{"Air Arabia Jordan": {"IATA": "PTR", "ICAO": "9P"}},
				{"Jordan Aviation": {"IATA": "JAV", "ICAO": "R5"}}
			]
		},
		{"Kuwait": 
			[
				{"Jazeera Airways": {"IATA": "JZR", "ICAO": "J9"}}
			]
		},
		{"Oman": 
			[
				{"Salam Air": {"IATA": "OMS", "ICAO": "OV"}}
			]
		},
		{"Saudi Arabia": 
			[
				{"Flynas": {"IATA": "KNE", "ICAO": "XY"}}
			]
		},
		{"UAE": 
			[
				{"Air Arabia": {"IATA": "ABY", "ICAO": "G9"}},
				{"flyDubai": {"IATA": "FDB", "ICAO": "FZ"}}
			]
		}
	],
	"North America": [
		{"Canada": 
			[
				{"Flair Airlines": {"IATA": "FLE", "ICAO": "F8"}},
				{"Sunwing": {"IATA": "SWG", "ICAO": "WG"}},
				{"Westjet Airlines": {"IATA": "WJA", "ICAO": "WS"}},
				{"Westjet Encore": {"IATA": "WEN", "ICAO": "WR"}}
			]
		},
		{"United States": 
			[
				{"Air Tran Airways": {"IATA": "TRS", "ICAO": "FL"}},
				{"Allegiant Air": {"IATA": "AAY", "ICAO": "G4"}},
				{"Frontier Airlines": {"IATA": "FFT", "ICAO": "F9"}},
				{"JetBlue Airways": {"IATA": "JBU", "ICAO": "B6"}},
				{"Southwest Airlines": {"IATA": "SWA", "ICAO": "WN"}},
				{"Spirit Airlines": {"IATA": "NKS", "ICAO": "NK"}},
				{"Sun Country Airlines": {"IATA": "SCX", "ICAO": "SY"}},
				{"ViaAir": {"IATA": "SRY", "ICAO": "VC"}},
				{"Virgin America": {"IATA": "VRD", "ICAO": "VX"}}
			]
		}
	]
}


















