{
    "description": "Music videos broadcast on MTV's first day",
    "date": "1981-08-01",
    "source": "https://en.wikipedia.org/wiki/First_music_videos_aired_on_MTV",
    "videos": [
        {
            "number": 1,
            "song": "Video Killed the Radio Star",
            "artist": "The Buggles",
            "appearance": "1/2"
        },
        {
            "number": 2,
            "song": "You Better Run",
            "artist": "Pat Benatar",
            "appearance": "1/2"
        },
        {
            "number": 3,
            "song": "She Won't Dance with Me",
            "artist": "Rod Stewart",
            "appearance": "1/2"
        },
        {
            "number": 4,
            "song": "You Better You Bet",
            "artist": "The Who",
            "appearance": "1/5"
        },
        {
            "number": 5,
            "song": "Little Suzi's on the Up",
            "artist": "Ph.D.",
            "appearance": "1/3"
        },
        {
            "number": 6,
            "song": "We Don't Talk Anymore",
            "artist": "Cliff Richard",
            "appearance": "1/2"
        },
        {
            "number": 7,
            "song": "Brass in Pocket",
            "artist": "The Pretenders",
            "appearance": "1/2"
        },
        {
            "number": 8,
            "song": "Time Heals",
            "artist": "Todd Rundgren",
            "appearance": "1/3"
        },
        {
            "number": 9,
            "song": "Take It on the Run",
            "artist": "REO Speedwagon",
            "appearance": "1/3",
            "playback_note": "Video begins but ends after a few seconds due to a technical difficulty"
        },
        {
            "number": 10,
            "song": "Rockin' the Paradise",
            "artist": "Styx",
            "appearance": "1/3"
        },
        {
            "number": 11,
            "song": "When Things Go Wrong",
            "artist": "Robin Lane and the Chartbusters",
            "appearance": "1/2"
        },
        {
            "number": 12,
            "song": "History Never Repeats",
            "artist": "Split Enz",
            "appearance": "1/2"
        },
        {
            "number": 13,
            "song": "Hold on Loosely",
            "artist": ".38 Special",
            "appearance": "1/3"
        },
        {
            "number": 14,
            "song": "Just Between You and Me",
            "artist": "April Wine",
            "appearance": "1/5"
        },
        {
            "number": 15,
            "song": "Sailing",
            "artist": "Rod Stewart",
            "appearance": "1/2"
        },
        {
            "number": 16,
            "song": "Iron Maiden",
            "artist": "Iron Maiden",
            "appearance": "1/2"
        },
        {
            "number": 17,
            "song": "Keep on Loving You",
            "artist": "REO Speedwagon",
            "appearance": "1/3"
        },
        {
            "number": 18,
            "song": "Bluer Than Blue",
            "artist": "Michael Johnson",
            "appearance": "1/2"
        },
        {
            "number": 19,
            "song": "Message of Love",
            "artist": "The Pretenders",
            "appearance": "1/4"
        },
        {
            "number": 20,
            "song": "Mr. Briefcase",
            "artist": "Lee Ritenour",
            "appearance": "1/2"
        },
        {
            "number": 21,
            "song": "Double Life",
            "artist": "The Cars",
            "appearance": "1/2"
        },
        {
            "number": 22,
            "song": "In the Air Tonight",
            "artist": "Phil Collins",
            "appearance": "1/5"
        },
        {
            "number": 23,
            "song": "Looking for Clues",
            "artist": "Robert Palmer",
            "appearance": "1/3"
        },
        {
            "number": 24,
            "song": "Too Late",
            "artist": "Shoes",
            "appearance": "1/1"
        },
        {
            "number": 25,
            "song": "Stop Draggin' My Heart Around",
            "artist": "Stevie Nicks and Tom Petty and the Heartbreakers",
            "appearance": "1/4"
        },
        {
            "number": 26,
            "song": "Da Ya Think I'm Sexy",
            "artist": "Rod Stewart",
            "appearance": "1/2",
            "playback_note": "Screen is blank while the audio still plays; stops after 15 seconds"
        },
        {
            "number": 27,
            "song": "Surface Tension",
            "artist": "Rupert Hine",
            "appearance": "1/2"
        },
        {
            "number": 28,
            "song": "One Step Ahead",
            "artist": "Split Enz",
            "appearance": "1/3"
        },
        {
            "number": 29,
            "song": "Baker Street",
            "artist": "Gerry Rafferty",
            "appearance": "1/2"
        },
        {
            "number": 30,
            "song": "I'm Gonna Follow You",
            "artist": "Pat Benatar",
            "appearance": "1/3"
        },
        {
            "number": 31,
            "song": "Savannah Nights",
            "artist": "Tom Johnson",
            "appearance": "1/2"
        },
        {
            "number": 32,
            "song": "Lucille",
            "artist": "Rockestra",
            "appearance": "1/3"
        },
        {
            "number": 33,
            "song": "The Best of Times",
            "artist": "Styx",
            "appearance": "1/3"
        },
        {
            "number": 34,
            "song": "Vengeance",
            "artist": "Carly Simon",
            "appearance": "1/1"
        },
        {
            "number": 35,
            "song": "Wrathchild",
            "artist": "Iron Maiden",
            "appearance": "1/4"
        },
        {
            "number": 36,
            "song": "I Wanna Be a Lifeguard",
            "artist": "Blotto",
            "appearance": "1/1"
        },
        {
            "number": 37,
            "song": "Passion",
            "artist": "Rod Stewart",
            "appearance": "1/2"
        },
        {
            "number": 38,
            "song": "Oliver's Army",
            "artist": "Elvis Costello",
            "appearance": "1/2"
        },
        {
            "number": 39,
            "song": "Remote Control / Illegal",
            "artist": "The Silencers",
            "appearance": "1/2"
        },
        {
            "number": 40,
            "song": "Angel of the Morning",
            "artist": "Juice Newton",
            "appearance": "1/1"
        },
        {
            "number": 41,
            "song": "Little Sister",
            "artist": "Rockpile with Robert Plant",
            "appearance": "1/4"
        },
        {
            "number": 42,
            "song": "Hold On to the Night",
            "artist": "Bootcamp",
            "appearance": "1/2"
        },
        {
            "number": 43,
            "song": "Dreamin'",
            "artist": "Cliff Richard",
            "appearance": "1/2"
        },
        {
            "number": 44,
            "song": "Is It You",
            "artist": "Lee Ritenour",
            "appearance": "1/3"
        },
        {
            "number": 45,
            "song": "Tusk",
            "artist": "Fleetwood Mac",
            "appearance": "1/1"
        },
        {
            "number": 46,
            "song": "He Can't Love You",
            "artist": "Michael Stanley Band",
            "appearance": "1/2"
        },
        {
            "number": 47,
            "song": "Tough Guys",
            "artist": "REO Speedwagon",
            "appearance": "1/2"
        },
        {
            "number": 48,
            "song": "Rapture",
            "artist": "Blondie",
            "appearance": "1/2"
        },
        {
            "number": 49,
            "song": "Don't Let Go the Coat",
            "artist": "The Who",
            "appearance": "1/2"
        },
        {
            "number": 50,
            "song": "Ain't Love a Bitch",
            "artist": "Rod Stewart",
            "appearance": "1/1"
        },
        {
            "number": 51,
            "song": "Talk of the Town",
            "artist": "The Pretenders",
            "appearance": "1/3"
        },
        {
            "number": 52,
            "song": "Can't Happen Here",
            "artist": "Rainbow",
            "appearance": "1/3"
        },
        {
            "number": 53,
            "song": "Thank You for Being a Friend",
            "artist": "Andrew Gold",
            "appearance": "1/1"
        },
        {
            "number": 54,
            "song": "You Better You Bet",
            "artist": "The Who",
            "appearance": "2/5"
        },
        {
            "number": 55,
            "song": "Bring It All Home",
            "artist": "Gerry Rafferty",
            "appearance": "1/1"
        },
        {
            "number": 56,
            "song": "Sign of the Gypsy Queen",
            "artist": "April Wine",
            "appearance": "1/2"
        },
        {
            "number": 57,
            "song": "The Man with the Child in His Eyes",
            "artist": "Kate Bush",
            "appearance": "1/1"
        },
        {
            "number": 58,
            "song": "Message of Love",
            "artist": "The Pretenders",
            "appearance": "2/4"
        },
        {
            "number": 59,
            "song": "All Night Long",
            "artist": "Rainbow",
            "appearance": "1/2"
        },
        {
            "number": 60,
            "song": "Boys Keep Swinging",
            "artist": "David Bowie",
            "appearance": "1/2"
        },
        {
            "number": 61,
            "song": "Rat Race",
            "artist": "The Specials",
            "appearance": "1/2"
        },
        {
            "number": 62,
            "song": "Just Between You and Me",
            "artist": "April Wine",
            "appearance": "2/5"
        },
        {
            "number": 63,
            "song": "Once in a Lifetime",
            "artist": "Talking Heads",
            "appearance": "1/1"
        },
        {
            "number": 64,
            "song": "Victim",
            "artist": "Bootcamp",
            "appearance": "1/2"
        },
        {
            "number": 65,
            "song": "Tonight's the Night (Gonna Be Alright)",
            "artist": "Rod Stewart",
            "appearance": "1/1"
        },
        {
            "number": 66,
            "song": "Cruel to Be Kind",
            "artist": "Nick Lowe",
            "appearance": "1/1"
        },
        {
            "number": 67,
            "song": "A Little in Love",
            "artist": "Cliff Richard",
            "appearance": "1/2"
        },
        {
            "number": 68,
            "song": "Take It on the Run",
            "artist": "REO Speedwagon",
            "appearance": "2/3"
        },
        {
            "number": 69,
            "song": "Wild-Eyed Southern Boys",
            "artist": ".38 Special",
            "appearance": "1/2"
        },
        {
            "number": 70,
            "song": "Wuthering Heights",
            "artist": "Kate Bush",
            "appearance": "1/1"
        },
        {
            "number": 71,
            "song": "Celebrate the Bullet",
            "artist": "The Selecter",
            "appearance": "1/2"
        },
        {
            "number": 72,
            "song": "More Than I Can Say",
            "artist": "Leo Sayer",
            "appearance": "1/2"
        },
        {
            "number": 73,
            "song": "A Message to You, Rudy",
            "artist": "The Specials",
            "appearance": "1/1"
        },
        {
            "number": 74,
            "song": "In the Air Tonight",
            "artist": "Phil Collins",
            "appearance": "2/5"
        },
        {
            "number": 75,
            "song": "Heart of Glass",
            "artist": "Blondie",
            "appearance": "1/1"
        },
        {
            "number": 76,
            "song": "Oh God, I Wish I Was Home Tonight",
            "artist": "Rod Stewart",
            "appearance": "1/2"
        },
        {
            "number": 77,
            "song": "Kid",
            "artist": "The Pretenders",
            "appearance": "1/1"
        },
        {
            "number": 78,
            "song": "Wrathchild",
            "artist": "Iron Maiden",
            "appearance": "2/4"
        },
        {
            "number": 79,
            "song": "Come What May",
            "artist": "Lani Hall and Herb Alpert",
            "appearance": "1/2"
        },
        {
            "number": 80,
            "song": "I Got You",
            "artist": "Split Enz",
            "appearance": "1/1"
        },
        {
            "number": 81,
            "song": "Sister Disco",
            "artist": "The Who",
            "appearance": "1/2"
        },
        {
            "number": 82,
            "song": "Fashion",
            "artist": "David Bowie",
            "appearance": "1/2"
        },
        {
            "number": 83,
            "song": "Stop Draggin' My Heart Around",
            "artist": "Stevie Nicks and Tom Petty and the Heartbreakers",
            "appearance": "2/4"
        },
        {
            "number": 84,
            "song": "Love Stinks",
            "artist": "The J. Geils Band",
            "appearance": "1/1"
        },
        {
            "number": 85,
            "song": "Johnny & Mary",
            "artist": "Robert Palmer",
            "appearance": "1/2"
        },
        {
            "number": 86,
            "song": "Tomorrow Night",
            "artist": "Shoes",
            "appearance": "1/1"
        },
        {
            "number": 87,
            "song": "Lucille",
            "artist": "Rockestra",
            "appearance": "2/3"
        },
        {
            "number": 88,
            "song": "Rockin' the Paradise",
            "artist": "Styx",
            "appearance": "2/3"
        },
        {
            "number": 89,
            "song": "Prime Time",
            "artist": "The Tubes",
            "appearance": "1/1"
        },
        {
            "number": 90,
            "song": "One Step Ahead",
            "artist": "Split Enz",
            "appearance": "2/3"
        },
        {
            "number": 91,
            "song": "Hold on Loosely",
            "artist": ".38 Special",
            "appearance": "2/3"
        },
        {
            "number": 92,
            "song": "Cruel You",
            "artist": "Shoes",
            "appearance": "1/1"
        },
        {
            "number": 93,
            "song": "Little Sister",
            "artist": "Rockpile with Robert Plant",
            "appearance": "2/4"
        },
        {
            "number": 94,
            "song": "Calling All Girls",
            "artist": "Hilly Michaels",
            "appearance": "1/1"
        },
        {
            "number": 95,
            "song": "Keep on Loving You",
            "artist": "REO Speedwagon",
            "appearance": "2/3"
        },
        {
            "number": 96,
            "song": "I Was Only Joking",
            "artist": "Rod Stewart",
            "appearance": "1/1"
        },
        {
            "number": 97,
            "song": "You Better You Bet",
            "artist": "The Who",
            "appearance": "3/5"
        },
        {
            "number": 98,
            "song": "Time Heals",
            "artist": "Todd Rundgren",
            "appearance": "2/3"
        },
        {
            "number": 99,
            "song": "Let's Go",
            "artist": "The Cars",
            "appearance": "1/1"
        },
        {
            "number": 100,
            "song": "Just Between You and Me",
            "artist": "April Wine",
            "appearance": "3/5"
        },
        {
            "number": 101,
            "song": "Mr. Briefcase",
            "artist": "Lee Ritenour",
            "appearance": "2/2"
        },
        {
            "number": 102,
            "song": "Fashion",
            "artist": "David Bowie",
            "appearance": "2/2"
        },
        {
            "number": 103,
            "song": "I'm Gonna Follow You",
            "artist": "Pat Benatar",
            "appearance": "2/3"
        },
        {
            "number": 104,
            "song": "Do You Remember Rock 'n' Roll Radio?",
            "artist": "The Ramones",
            "appearance": "1/1"
        },
        {
            "number": 105,
            "song": "Ridin' the Storm Out",
            "artist": "REO Speedwagon",
            "appearance": "1/1"
        },
        {
            "number": 106,
            "song": "Looking for Clues",
            "artist": "Robert Palmer",
            "appearance": "2/3"
        },
        {
            "number": 107,
            "song": "Little Suzi's on the Up",
            "artist": "Ph.D.",
            "appearance": "2/3"
        },
        {
            "number": 108,
            "song": "Is It You",
            "artist": "Lee Ritenour",
            "appearance": "2/3"
        },
        {
            "number": 109,
            "song": "You're in My Heart",
            "artist": "Rod Stewart",
            "appearance": "1/1"
        },
        {
            "number": 110,
            "song": "Talk of the Town",
            "artist": "The Pretenders",
            "appearance": "2/3"
        },
        {
            "number": 111,
            "song": "The Best of Times",
            "artist": "Styx",
            "appearance": "2/3"
        },
        {
            "number": 112,
            "song": "So Long",
            "artist": "Fischer-Z",
            "appearance": "1/1"
        },
        {
            "number": 113,
            "song": "In the Air Tonight",
            "artist": "Phil Collins",
            "appearance": "3/5"
        },
        {
            "number": 114,
            "song": "I Don't Want To Know",
            "artist": "Robin Lane and the Chartbusters",
            "appearance": "1/1"
        },
        {
            "number": 115,
            "song": "Don't Let Go the Coat",
            "artist": "The Who",
            "appearance": "2/2"
        },
        {
            "number": 116,
            "song": "Go Back Home Again",
            "artist": "Andrew Gold",
            "appearance": "1/1"
        },
        {
            "number": 117,
            "song": "Message of Love",
            "artist": "The Pretenders",
            "appearance": "3/4"
        },
        {
            "number": 118,
            "song": "Remote Control / Too Illegal",
            "artist": "The Silencers",
            "appearance": "2/2"
        },
        {
            "number": 119,
            "song": "Time for Me to Fly",
            "artist": "REO Speedwagon",
            "appearance": "1/1"
        },
        {
            "number": 120,
            "song": "Wrathchild",
            "artist": "Iron Maiden",
            "appearance": "3/4"
        },
        {
            "number": 121,
            "song": "She Won't Dance with Me",
            "artist": "Rod Stewart",
            "appearance": "2/2"
        },
        {
            "number": 122,
            "song": "Rough Boys",
            "artist": "Pete Townshend",
            "appearance": "1/1"
        },
        {
            "number": 123,
            "song": "History Never Repeats",
            "artist": "Split Enz",
            "appearance": "2/2"
        },
        {
            "number": 124,
            "song": "Dangerous Type",
            "artist": "The Cars",
            "appearance": "1/1"
        },
        {
            "number": 125,
            "song": "Turn It On Again",
            "artist": "Genesis",
            "appearance": "1/1"
        },
        {
            "number": 126,
            "song": "Rapture",
            "artist": "Blondie",
            "appearance": "2/2"
        },
        {
            "number": 127,
            "song": "Stop Draggin' My Heart Around",
            "artist": "Stevie Nicks and Tom Petty and the Heartbreakers",
            "appearance": "3/4"
        },
        {
            "number": 128,
            "song": "Can't Happen Here",
            "artist": "Rainbow",
            "appearance": "2/3"
        },
        {
            "number": 128,
            "song": "We're So Close",
            "artist": "Carly Simon",
            "appearance": "1/1"
        },
        {
            "number": 129,
            "song": "Tough Guys",
            "artist": "REO Speedwagon",
            "appearance": "2/2"
        },
        {
            "number": 130,
            "song": "Passion",
            "artist": "Rod Stewart",
            "appearance": "2/2"
        },
        {
            "number": 131,
            "song": "Kid Blue",
            "artist": "Louise Goffin",
            "appearance": "1/1"
        },
        {
            "number": 132,
            "song": "Little Sister",
            "artist": "Rockpile with Robert Plant",
            "appearance": "3/4"
        },
        {
            "number": 133,
            "song": "Vienna",
            "artist": "Ultravox",
            "appearance": "1/1"
        },
        {
            "number": 134,
            "song": "Sign of the Gypsy Queen",
            "artist": "April Wine",
            "appearance": "2/2"
        },
        {
            "number": 135,
            "song": "(What's So Funny 'Bout) Peace, Love, and Understanding",
            "artist": "Elvis Costello and the Attractions",
            "appearance": "1/1"
        },
        {
            "number": 136,
            "song": "Don't Let Him Go",
            "artist": "REO Speedwagon",
            "appearance": "1/2"
        },
        {
            "number": 137,
            "song": "I Won't Let You Down",
            "artist": "Ph.D.",
            "appearance": "1/1"
        },
        {
            "number": 138,
            "song": "Holiday",
            "artist": "Nazareth",
            "appearance": "1/1"
        },
        {
            "number": 139,
            "song": "You Better You Bet",
            "artist": "The Who",
            "appearance": "4/5"
        },
        {
            "number": 140,
            "song": "All Night Long",
            "artist": "Rainbow",
            "appearance": "2/2"
        },
        {
            "number": 141,
            "song": "Video Killed the Radio Star",
            "artist": "The Buggles",
            "appearance": "2/2"
        },
        {
            "number": 142,
            "song": "You Better Run",
            "artist": "Pat Benatar",
            "appearance": "2/2"
        },
        {
            "number": 143,
            "song": "Surface Tension",
            "artist": "Rupert Hine",
            "appearance": "2/2"
        },
        {
            "number": 144,
            "song": "One Step Ahead",
            "artist": "Split Enz",
            "appearance": "3/3"
        },
        {
            "number": 145,
            "song": "Wild-Eyed Southern Boys",
            "artist": ".38 Special",
            "appearance": "2/2"
        },
        {
            "number": 146,
            "song": "In My Arms Again",
            "artist": "Shoes",
            "appearance": "1/1"
        },
        {
            "number": 147,
            "song": "Is It You",
            "artist": "Lee Ritenour",
            "appearance": "3/3"
        },
        {
            "number": 148,
            "song": "Oh God, I Wish I Was Home Tonight",
            "artist": "Rod Stewart",
            "appearance": "2/2"
        },
        {
            "number": 149,
            "song": "Passing Strangers",
            "artist": "Ultravox",
            "appearance": "1/1"
        },
        {
            "number": 150,
            "song": "Just Between You and Me",
            "artist": "April Wine",
            "appearance": "4/5"
        },
        {
            "number": 150,
            "song": "Turning Japanese",
            "artist": "The Vapors",
            "appearance": "1/1"
        },
        {
            "number": 151,
            "song": "Rockin' the Paradise",
            "artist": "Styx",
            "appearance": "3/3"
        },
        {
            "number": 152,
            "song": "Bluer Than Blue",
            "artist": "Michael Johnson",
            "appearance": "2/2"
        },
        {
            "number": 153,
            "song": "Message of Love",
            "artist": "The Pretenders",
            "appearance": "4/4"
        },
        {
            "number": 154,
            "song": "Rat Race",
            "artist": "The Specials",
            "appearance": "2/2"
        },
        {
            "number": 155,
            "song": "Roll with the Changes",
            "artist": "REO Speedwagon",
            "appearance": "1/1"
        },
        {
            "number": 156,
            "song": "In the Air Tonight",
            "artist": "Phil Collins",
            "appearance": "4/5"
        },
        {
            "number": 157,
            "song": "Hold On to the Night",
            "artist": "Bootcamp",
            "appearance": "2/2"
        },
        {
            "number": 158,
            "song": "Double Life",
            "artist": "The Cars",
            "appearance": "2/2"
        },
        {
            "number": 159,
            "song": "Take It on the Run",
            "artist": "REO Speedwagon",
            "appearance": "3/3"
        },
        {
            "number": 160,
            "song": "We Don't Talk Anymore",
            "artist": "Cliff Richard",
            "appearance": "2/2"
        },
        {
            "number": 161,
            "song": "Sister Disco",
            "artist": "The Who",
            "appearance": "2/2"
        },
        {
            "number": 162,
            "song": "Celebrate the Bullet",
            "artist": "The Selecter",
            "appearance": "2/2"
        },
        {
            "number": 163,
            "song": "More Than I Can Say",
            "artist": "Leo Sayer",
            "appearance": "2/2"
        },
        {
            "number": 164,
            "song": "I Hope I Never",
            "artist": "Split Enz",
            "appearance": "1/1"
        },
        {
            "number": 165,
            "song": "Talk of the Town",
            "artist": "The Pretenders",
            "appearance": "3/3"
        },
        {
            "number": 166,
            "song": "Hold on Loosely",
            "artist": ".38 Special",
            "appearance": "3/3"
        },
        {
            "number": 167,
            "song": "Blondes Have More Fun",
            "artist": "Rod Stewart",
            "appearance": "1/1"
        },
        {
            "number": 168,
            "song": "Wrathchild",
            "artist": "Iron Maiden",
            "appearance": "4/4"
        },
        {
            "number": 169,
            "song": "Savannah Nights",
            "artist": "Tom Johnston",
            "appearance": "2/2"
        },
        {
            "number": 170,
            "song": "I'm Gonna Follow You",
            "artist": "Pat Benatar",
            "appearance": "3/3"
        },
        {
            "number": 171,
            "song": "Don't Let Him Go",
            "artist": "REO Speedwagon",
            "appearance": "2/2"
        },
        {
            "number": 172,
            "song": "Never Let Her Slip Away",
            "artist": "Andrew Gold",
            "appearance": "1/1"
        },
        {
            "number": 173,
            "song": "Time Heals",
            "artist": "Todd Rundgren",
            "appearance": "3/3"
        },
        {
            "number": 174,
            "song": "Brass in Pocket",
            "artist": "The Pretenders",
            "appearance": "2/2"
        },
        {
            "number": 175,
            "song": "Little Sister",
            "artist": "Rockpile with Robert Plant",
            "appearance": "4/4"
        },
        {
            "number": 176,
            "song": "A Little in Love",
            "artist": "Cliff Richard",
            "appearance": "2/2"
        },
        {
            "number": 177,
            "song": "Da Ya Think I'm Sexy",
            "artist": "Rod Stewart",
            "appearance": "2/2"
        },
        {
            "number": 178,
            "song": "Victim",
            "artist": "Bootcamp",
            "appearance": "2/2"
        },
        {
            "number": 179,
            "song": "Baker Street",
            "artist": "Gerry Rafferty",
            "appearance": "2/2"
        },
        {
            "number": 180,
            "song": "He Can't Love You",
            "artist": "Michael Stanley Band",
            "appearance": "2/2"
        },
        {
            "number": 181,
            "song": "Looking for Clues",
            "artist": "Robert Palmer",
            "appearance": "3/3"
        },
        {
            "number": 182,
            "song": "Stop Draggin' My Heart Around",
            "artist": "Stevie Nicks and Tom Petty and the Heartbreakers",
            "appearance": "4/4"
        },
        {
            "number": 183,
            "song": "Keep on Loving You",
            "artist": "REO Speedwagon",
            "appearance": "3/3"
        },
        {
            "number": 184,
            "song": "When Things Go Wrong",
            "artist": "Robin Lane and the Chartbusters",
            "appearance": "2/2"
        },
        {
            "number": 185,
            "song": "Little Suzi's on the Up",
            "artist": "Ph.D.",
            "appearance": "3/3"
        },
        {
            "number": 186,
            "song": "The Best of Times",
            "artist": "Styx",
            "appearance": "3/3"
        },
        {
            "number": 187,
            "song": "Sailing",
            "artist": "Rod Stewart",
            "appearance": "2/2"
        },
        {
            "number": 188,
            "song": "You Better You Bet",
            "artist": "The Who",
            "appearance": "5/5"
        },
        {
            "number": 189,
            "song": "Iron Maiden",
            "artist": "Iron Maiden",
            "appearance": "2/2"
        },
        {
            "number": 190,
            "song": "Can't Happen Here",
            "artist": "Rainbow",
            "appearance": "3/3"
        },
        {
            "number": 191,
            "song": "Oliver's Army",
            "artist": "Elvis Costello",
            "appearance": "2/2"
        },
        {
            "number": 192,
            "song": "Just Between You and Me",
            "artist": "April Wine",
            "appearance": "5/5"
        },
        {
            "number": 193,
            "song": "Come What May",
            "artist": "Lani Hall and Herb Alpert",
            "appearance": "2/2"
        },
        {
            "number": 194,
            "song": "Tattooed Love Boys",
            "artist": "The Pretenders",
            "appearance": "1/1"
        },
        {
            "number": 195,
            "song": "In the Air Tonight",
            "artist": "Phil Collins",
            "appearance": "5/5"
        },
        {
            "number": 196,
            "song": "Peter Gunn Theme/Remote Control",
            "artist": "The Silencers",
            "appearance": "1/1"
        },
        {
            "number": 197,
            "song": "Dreamin'",
            "artist": "Cliff Richard",
            "appearance": "2/2"
        },
        {
            "number": 198,
            "song": "Lucille",
            "artist": "Rockestra",
            "appearance": "3/3"
        },
        {
            "number": 199,
            "song": "Boys Keep Swinging",
            "artist": "David Bowie",
            "appearance": "2/2"
        },
        {
            "number": 200,
            "song": "Johnny & Mary",
            "artist": "Robert Palmer",
            "appearance": "2/2"
        },
        {
            "number": 201,
            "song": "Only the Strong Survive",
            "artist": "REO Speedwagon",
            "appearance": "1/1"
        },
        {
            "number": 202,
            "song": "Waiting for the Weekend",
            "artist": "The Vapors",
            "appearance": "1/1"
        },
        {
            "number": 203,
            "song": "You're Insane",
            "artist": "Rod Stewart",
            "appearance": "1/1"
        },
        {
            "number": 204,
            "song": "Kiss on My List",
            "artist": "Hall & Oates",
            "appearance": "1/1"
        },
        {
            "number": 205,
            "song": "Living in the Plastic Age",
            "artist": "The Buggles",
            "appearance": "1/1"
        },
        {
            "number": 206,
            "song": "Lonely Boy",
            "artist": "Andrew Gold",
            "appearance": "1/1"
        }
    ]
}
