{
  "description": "Birds of North America, grouped by family",
  "source": "http://listing.aba.org/aba-checklist/",
  "birds": [
    {
      "family": "Ducks, Geese, and Swans",
      "members": [
        "Black-bellied Whistling-Duck",
        "Fulvous Whistling-Duck",
        "Taiga Bean-Goose",
        "Tundra Bean-Goose",
        "Pink-footed Goose",
        "Greater White-fronted Goose",
        "Lesser White-fronted Goose",
        "Graylag Goose",
        "Emperor Goose",
        "Snow Goose",
        "Ross's Goose",
        "Brant",
        "Barnacle Goose",
        "Cackling Goose",
        "Canada Goose",
        "Mute Swan",
        "Trumpeter Swan",
        "Tundra Swan",
        "Whooper Swan",
        "Egyptian Goose",
        "Muscovy Duck",
        "Wood Duck",
        "Gadwall",
        "Falcated Duck",
        "Eurasian Wigeon",
        "American Wigeon",
        "American Black Duck",
        "Mallard",
        "Mottled Duck",
        "Eastern Spot-billed Duck",
        "Blue-winged Teal",
        "Cinnamon Teal",
        "Northern Shoveler",
        "White-cheeked Pintail",
        "Northern Pintail",
        "Garganey",
        "Baikal Teal",
        "Green-winged Teal",
        "Canvasback",
        "Redhead",
        "Common Pochard",
        "Ring-necked Duck",
        "Tufted Duck",
        "Greater Scaup",
        "Lesser Scaup",
        "Steller's Eider",
        "Spectacled Eider",
        "King Eider",
        "Common Eider",
        "Harlequin Duck",
        "Labrador Duck",
        "Surf Scoter",
        "White-winged Scoter",
        "Common Scoter",
        "Black Scoter",
        "Long-tailed Duck",
        "Bufflehead",
        "Common Goldeneye",
        "Barrow's Goldeneye",
        "Smew",
        "Hooded Merganser",
        "Common Merganser",
        "Red-breasted Merganser",
        "Masked Duck",
        "Ruddy Duck"
      ]
    },
    {
      "family": "Curassows and Guans",
      "members": [
        "Plain Chachalaca"
      ]
    },
    {
      "family": "New World Quail",
      "members": [
        "Mountain Quail",
        "Scaled Quail",
        "California Quail",
        "Gambel's Quail",
        "Northern Bobwhite",
        "Montezuma Quail"
      ]
    },
    {
      "family": "Partridges, Grouse, Turkeys, and Old World Quail",
      "members": [
        "Chukar",
        "Himalayan Snowcock",
        "Gray Partridge",
        "Ring-necked Pheasant",
        "Ruffed Grouse",
        "Greater Sage-Grouse",
        "Gunnison Sage-Grouse",
        "Spruce Grouse",
        "Willow Ptarmigan",
        "Rock Ptarmigan",
        "White-tailed Ptarmigan",
        "Dusky Grouse",
        "Sooty Grouse",
        "Sharp-tailed Grouse",
        "Greater Prairie-Chicken",
        "Lesser Prairie-Chicken",
        "Wild Turkey"
      ]
    },
    {
      "family": "Loons",
      "members": [
        "Red-throated Loon",
        "Arctic Loon",
        "Pacific Loon",
        "Common Loon",
        "Yellow-billed Loon"
      ]
    },
    {
      "family": "Grebes",
      "members": [
        "Least Grebe",
        "Pied-billed Grebe",
        "Horned Grebe",
        "Red-necked Grebe",
        "Eared Grebe",
        "Western Grebe",
        "Clark's Grebe"
      ]
    },
    {
      "family": "Flamingos",
      "members": [
        "American Flamingo"
      ]
    },
    {
      "family": "Albatrosses",
      "members": [
        "Yellow-nosed Albatross",
        "White-capped Albatross",
        "Salvin’s Albatross",
        "Black-browed Albatross",
        "Light-mantled Albatross",
        "Wandering Albatross",
        "Laysan Albatross",
        "Black-footed Albatross",
        "Short-tailed Albatross"
      ]
    },
    {
      "family": "Shearwaters and Petrels",
      "members": [
        "Northern Fulmar",
        "Great-winged Petrel",
        "Providence Petrel",
        "Trindade Petrel",
        "Murphy's Petrel",
        "Mottled Petrel",
        "Bermuda Petrel",
        "Black-capped Petrel",
        "Hawaiian Petrel",
        "Fea's Petrel",
        "Zino’s Petrel",
        "Cook's Petrel",
        "Stejneger's Petrel",
        "Bulwer's Petrel",
        "White-chinned Petrel",
        "Parkinson's Petrel",
        "Streaked Shearwater",
        "Cory's Shearwater",
        "Cape Verde Shearwater",
        "Pink-footed Shearwater",
        "Flesh-footed Shearwater",
        "Great Shearwater",
        "Wedge-tailed Shearwater",
        "Buller's Shearwater",
        "Sooty Shearwater",
        "Short-tailed Shearwater",
        "Manx Shearwater",
        "Newell’s Shearwater",
        "Black-vented Shearwater",
        "Audubon's Shearwater",
        "Barolo Shearwater"
      ]
    },
    {
      "family": "Storm-Petrels",
      "members": [
        "Wilson's Storm-Petrel",
        "White-faced Storm-Petrel",
        "European Storm-Petrel",
        "Black-bellied Storm-Petrel",
        "Fork-tailed Storm-Petrel",
        "Ringed Storm-Petrel",
        "Swinhoe's Storm-Petrel",
        "Leach's Storm-Petrel",
        "Townsend's Storm-Petrel",
        "Ashy Storm-Petrel",
        "Band-rumped Storm-Petrel",
        "Wedge-rumped Storm-Petrel",
        "Black Storm-Petrel",
        "Tristram's Storm-Petrel",
        "Least Storm-Petrel"
      ]
    },
    {
      "family": "Tropicbirds",
      "members": [
        "White-tailed Tropicbird",
        "Red-billed Tropicbird",
        "Red-tailed Tropicbird"
      ]
    },
    {
      "family": "Storks",
      "members": [
        "Jabiru",
        "Wood Stork"
      ]
    },
    {
      "family": "Frigatebirds",
      "members": [
        "Magnificent Frigatebird",
        "Great Frigatebird",
        "Lesser Frigatebird"
      ]
    },
    {
      "family": "Boobies and Gannets",
      "members": [
        "Masked Booby",
        "Blue-footed Booby",
        "Brown Booby",
        "Red-footed Booby",
        "Northern Gannet"
      ]
    },
    {
      "family": "Cormorants",
      "members": [
        "Brandt's Cormorant",
        "Neotropic Cormorant",
        "Double-crested Cormorant",
        "Great Cormorant",
        "Red-faced Cormorant",
        "Pelagic Cormorant"
      ]
    },
    {
      "family": "Darters",
      "members": [
        "Anhinga"
      ]
    },
    {
      "family": "Pelicans",
      "members": [
        "American White Pelican",
        "Brown Pelican"
      ]
    },
    {
      "family": "Bitterns, Herons, and Allies",
      "members": [
        "American Bittern",
        "Yellow Bittern",
        "Least Bittern",
        "Bare-throated Tiger-Heron",
        "Great Blue Heron",
        "Gray Heron",
        "Great Egret",
        "Intermediate Egret",
        "Chinese Egret",
        "Little Egret",
        "Western Reef-Heron",
        "Snowy Egret",
        "Little Blue Heron",
        "Tricolored Heron",
        "Reddish Egret",
        "Cattle Egret",
        "Chinese Pond-Heron",
        "Green Heron",
        "Black-crowned Night-Heron",
        "Yellow-crowned Night-Heron"
      ]
    },
    {
      "family": "Ibises and Spoonbills",
      "members": [
        "White Ibis",
        "Scarlet Ibis",
        "Glossy Ibis",
        "White-faced Ibis",
        "Roseate Spoonbill"
      ]
    },
    {
      "family": "New World Vultures",
      "members": [
        "Black Vulture",
        "Turkey Vulture",
        "California Condor"
      ]
    },
    {
      "family": "Ospreys",
      "members": [
        "Osprey"
      ]
    },
    {
      "family": "Hawks, Kites, Eagles, and Allies",
      "members": [
        "Hook-billed Kite",
        "Swallow-tailed Kite",
        "White-tailed Kite",
        "Snail Kite",
        "Double-toothed Kite",
        "Mississippi Kite",
        "Bald Eagle",
        "White-tailed Eagle",
        "Steller's Sea-Eagle",
        "Northern Harrier",
        "Sharp-shinned Hawk",
        "Cooper's Hawk",
        "Northern Goshawk",
        "Crane Hawk",
        "Common Black Hawk",
        "Roadside Hawk",
        "Harris's Hawk",
        "White-tailed Hawk",
        "Gray Hawk",
        "Red-shouldered Hawk",
        "Broad-winged Hawk",
        "Short-tailed Hawk",
        "Swainson's Hawk",
        "Zone-tailed Hawk",
        "Red-tailed Hawk",
        "Rough-legged Hawk",
        "Ferruginous Hawk",
        "Golden Eagle"
      ]
    },
    {
      "family": "Rails, Gallinules, and Coots",
      "members": [
        "Yellow Rail",
        "Black Rail",
        "Corn Crake",
        "Ridgway’s Rail",
        "Clapper Rail",
        "King Rail",
        "Virginia Rail",
        "Rufous-necked Wood-Rail",
        "Sora",
        "Paint-billed Crake",
        "Spotted Rail",
        "Purple Swamphen",
        "Purple Gallinule",
        "Common Gallinule",
        "Common Moorhen",
        "Eurasian Coot",
        "American Coot"
      ]
    },
    {
      "family": "Sungrebes",
      "members": [
        "Sungrebe"
      ]
    },
    {
      "family": "Limpkins",
      "members": [
        "Limpkin"
      ]
    },
    {
      "family": "Cranes",
      "members": [
        "Sandhill Crane",
        "Common Crane",
        "Whooping Crane"
      ]
    },
    {
      "family": "Thick-knees",
      "members": [
        "Double-striped Thick-knee"
      ]
    },
    {
      "family": "Stilts and Avocets",
      "members": [
        "Black-winged Stilt",
        "Black-necked Stilt",
        "American Avocet"
      ]
    },
    {
      "family": "Oystercatchers",
      "members": [
        "Eurasian Oystercatcher",
        "American Oystercatcher",
        "Black Oystercatcher"
      ]
    },
    {
      "family": "Lapwings and Plovers",
      "members": [
        "Northern Lapwing",
        "Black-bellied Plover",
        "European Golden-Plover",
        "American Golden-Plover",
        "Pacific Golden-Plover",
        "Lesser Sand-Plover",
        "Greater Sand-Plover",
        "Collared Plover",
        "Snowy Plover",
        "Wilson's Plover",
        "Common Ringed Plover",
        "Semipalmated Plover",
        "Piping Plover",
        "Little Ringed Plover",
        "Killdeer",
        "Mountain Plover",
        "Eurasian Dotterel"
      ]
    },
    {
      "family": "Jacanas",
      "members": [
        "Northern Jacana"
      ]
    },
    {
      "family": "Sandpipers, Phalaropes, and Allies",
      "members": [
        "Terek Sandpiper",
        "Common Sandpiper",
        "Spotted Sandpiper",
        "Green Sandpiper",
        "Solitary Sandpiper",
        "Gray-tailed Tattler",
        "Wandering Tattler",
        "Spotted Redshank",
        "Greater Yellowlegs",
        "Common Greenshank",
        "Willet",
        "Lesser Yellowlegs",
        "Marsh Sandpiper",
        "Wood Sandpiper",
        "Common Redshank",
        "Upland Sandpiper",
        "Little Curlew",
        "Eskimo Curlew",
        "Whimbrel",
        "Bristle-thighed Curlew",
        "Far Eastern Curlew",
        "Slender-billed Curlew",
        "Eurasian Curlew",
        "Long-billed Curlew",
        "Black-tailed Godwit",
        "Hudsonian Godwit",
        "Bar-tailed Godwit",
        "Marbled Godwit",
        "Ruddy Turnstone",
        "Black Turnstone",
        "Great Knot",
        "Red Knot",
        "Surfbird",
        "Ruff",
        "Broad-billed Sandpiper",
        "Sharp-tailed Sandpiper",
        "Stilt Sandpiper",
        "Curlew Sandpiper",
        "Temminck's Stint",
        "Long-toed Stint",
        "Spoon-billed Sandpiper",
        "Red-necked Stint",
        "Sanderling",
        "Dunlin",
        "Rock Sandpiper",
        "Purple Sandpiper",
        "Baird's Sandpiper",
        "Little Stint",
        "Least Sandpiper",
        "White-rumped Sandpiper",
        "Buff-breasted Sandpiper",
        "Pectoral Sandpiper",
        "Semipalmated Sandpiper",
        "Western Sandpiper",
        "Short-billed Dowitcher",
        "Long-billed Dowitcher",
        "Jack Snipe",
        "Wilson's Snipe",
        "Common Snipe",
        "Pin-tailed Snipe",
        "Solitary Snipe",
        "Eurasian Woodcock",
        "American Woodcock",
        "Wilson's Phalarope",
        "Red-necked Phalarope",
        "Red Phalarope"
      ]
    },
    {
      "family": "Pratincoles",
      "members": [
        "Oriental Pratincole"
      ]
    },
    {
      "family": "Skuas and Jaegers",
      "members": [
        "Great Skua",
        "South Polar Skua",
        "Pomarine Jaeger",
        "Parasitic Jaeger",
        "Long-tailed Jaeger"
      ]
    },
    {
      "family": "Auks, Murres, and Puffins",
      "members": [
        "Dovekie",
        "Common Murre",
        "Thick-billed Murre",
        "Razorbill",
        "Great Auk",
        "Black Guillemot",
        "Pigeon Guillemot",
        "Long-billed Murrelet",
        "Marbled Murrelet",
        "Kittlitz's Murrelet",
        "Scripps's Murrelet",
        "Guadalupe Murrelet",
        "Craveri's Murrelet",
        "Ancient Murrelet",
        "Cassin's Auklet",
        "Parakeet Auklet",
        "Least Auklet",
        "Whiskered Auklet",
        "Crested Auklet",
        "Rhinoceros Auklet",
        "Atlantic Puffin",
        "Horned Puffin",
        "Tufted Puffin"
      ]
    },
    {
      "family": "Gulls, Terns, and Skimmers",
      "members": [
        "Swallow-tailed Gull",
        "Black-legged Kittiwake",
        "Red-legged Kittiwake",
        "Ivory Gull",
        "Sabine's Gull",
        "Bonaparte's Gull",
        "Gray-hooded Gull",
        "Black-headed Gull",
        "Little Gull",
        "Ross's Gull",
        "Laughing Gull",
        "Franklin's Gull",
        "Belcher's Gull",
        "Black-tailed Gull",
        "Heermann's Gull",
        "Mew Gull",
        "Ring-billed Gull",
        "Western Gull",
        "Yellow-footed Gull",
        "California Gull",
        "Herring Gull",
        "Yellow-legged Gull",
        "Thayer's Gull",
        "Iceland Gull",
        "Lesser Black-backed Gull",
        "Slaty-backed Gull",
        "Glaucous-winged Gull",
        "Glaucous Gull",
        "Great Black-backed Gull",
        "Kelp Gull",
        "Brown Noddy",
        "Black Noddy",
        "Sooty Tern",
        "Bridled Tern",
        "Aleutian Tern",
        "Least Tern",
        "Large-billed Tern",
        "Gull-billed Tern",
        "Caspian Tern",
        "Black Tern",
        "White-winged Tern",
        "Whiskered Tern",
        "Roseate Tern",
        "Common Tern",
        "Arctic Tern",
        "Forster's Tern",
        "Royal Tern",
        "Sandwich Tern",
        "Elegant Tern",
        "Black Skimmer"
      ]
    },
    {
      "family": "Pigeons and Doves",
      "members": [
        "Rock Pigeon",
        "Scaly-naped Pigeon",
        "White-crowned Pigeon",
        "Red-billed Pigeon",
        "Band-tailed Pigeon",
        "Oriental Turtle-Dove",
        "European Turtle-Dove",
        "Eurasian Collared-Dove",
        "Spotted Dove",
        "Passenger Pigeon",
        "Inca Dove",
        "Common Ground-Dove",
        "Ruddy Ground-Dove",
        "Ruddy Quail-Dove",
        "Key West Quail-Dove",
        "White-tipped Dove",
        "White-winged Dove",
        "Zenaida Dove",
        "Mourning Dove"
      ]
    },
    {
      "family": "Cuckoos, Roadrunners, and Anis",
      "members": [
        "Common Cuckoo",
        "Oriental Cuckoo",
        "Yellow-billed Cuckoo",
        "Mangrove Cuckoo",
        "Black-billed Cuckoo",
        "Greater Roadrunner",
        "Smooth-billed Ani",
        "Groove-billed Ani"
      ]
    },
    {
      "family": "Barn Owls",
      "members": [
        "Barn Owl"
      ]
    },
    {
      "family": "Typical Owls",
      "members": [
        "Flammulated Owl",
        "Oriental Scops-Owl",
        "Western Screech-Owl",
        "Eastern Screech-Owl",
        "Whiskered Screech-Owl",
        "Great Horned Owl",
        "Snowy Owl",
        "Northern Hawk Owl",
        "Northern Pygmy-Owl",
        "Ferruginous Pygmy-Owl",
        "Elf Owl",
        "Burrowing Owl",
        "Mottled Owl",
        "Spotted Owl",
        "Barred Owl",
        "Great Gray Owl",
        "Long-eared Owl",
        "Stygian Owl",
        "Short-eared Owl",
        "Boreal Owl",
        "Northern Saw-whet Owl",
        "Northern Boobook"
      ]
    },
    {
      "family": "Goatsuckers",
      "members": [
        "Lesser Nighthawk",
        "Common Nighthawk",
        "Antillean Nighthawk",
        "Common Pauraque",
        "Common Poorwill",
        "Chuck-will's-widow",
        "Buff-collared Nightjar",
        "Eastern Whip-poor-will",
        "Mexican Whip-poor-will",
        "Gray Nightjar"
      ]
    },
    {
      "family": "Swifts",
      "members": [
        "Black Swift",
        "White-collared Swift",
        "Chimney Swift",
        "Vaux's Swift",
        "White-throated Needletail",
        "Common Swift",
        "Fork-tailed Swift",
        "White-throated Swift",
        "Antillean Palm-Swift"
      ]
    },
    {
      "family": "Hummingbirds",
      "members": [
        "Green Violetear",
        "Green-breasted Mango",
        "Magnificent Hummingbird",
        "Plain-capped Starthroat",
        "Blue-throated Hummingbird",
        "Bahama Woodstar",
        "Lucifer Hummingbird",
        "Ruby-throated Hummingbird",
        "Black-chinned Hummingbird",
        "Anna's Hummingbird",
        "Costa's Hummingbird",
        "Bumblebee Hummingbird",
        "Broad-tailed Hummingbird",
        "Rufous Hummingbird",
        "Allen's Hummingbird",
        "Calliope Hummingbird",
        "Broad-billed Hummingbird",
        "Berylline Hummingbird",
        "Buff-bellied Hummingbird",
        "Cinnamon Hummingbird",
        "Violet-crowned Hummingbird",
        "White-eared Hummingbird",
        "Xantus's Hummingbird"
      ]
    },
    {
      "family": "Trogons",
      "members": [
        "Elegant Trogon",
        "Eared Quetzal"
      ]
    },
    {
      "family": "Hoopoes",
      "members": [
        "Eurasian Hoopoe"
      ]
    },
    {
      "family": "Kingfishers",
      "members": [
        "Ringed Kingfisher",
        "Belted Kingfisher",
        "Amazon Kingfisher",
        "Green Kingfisher"
      ]
    },
    {
      "family": "Woodpeckers and Allies",
      "members": [
        "Eurasian Wryneck",
        "Lewis's Woodpecker",
        "Red-headed Woodpecker",
        "Acorn Woodpecker",
        "Gila Woodpecker",
        "Golden-fronted Woodpecker",
        "Red-bellied Woodpecker",
        "Williamson's Sapsucker",
        "Yellow-bellied Sapsucker",
        "Red-naped Sapsucker",
        "Red-breasted Sapsucker",
        "Great Spotted Woodpecker",
        "Ladder-backed Woodpecker",
        "Nuttall's Woodpecker",
        "Downy Woodpecker",
        "Hairy Woodpecker",
        "Arizona Woodpecker",
        "Red-cockaded Woodpecker",
        "White-headed Woodpecker",
        "American Three-toed Woodpecker",
        "Black-backed Woodpecker",
        "Northern Flicker",
        "Gilded Flicker",
        "Pileated Woodpecker",
        "Ivory-billed Woodpecker"
      ]
    },
    {
      "family": "Caracaras and Falcons",
      "members": [
        "Collared Forest-Falcon",
        "Crested Caracara",
        "Eurasian Kestrel",
        "American Kestrel",
        "Red-footed Falcon",
        "Merlin",
        "Eurasian Hobby",
        "Aplomado Falcon",
        "Gyrfalcon",
        "Peregrine Falcon",
        "Prairie Falcon"
      ]
    },
    {
      "family": "Lories, Lovebirds, and Australasian Parrots",
      "members": [
        "Rosy-faced Lovebird"
      ]
    },
    {
      "family": "Parakeets, Macaws, and Parrots",
      "members": [
        "Monk Parakeet",
        "Carolina Parakeet",
        "Nanday Parakeet",
        "Green Parakeet",
        "Thick-billed Parrot",
        "White-winged Parakeet",
        "Red-crowned Parrot"
      ]
    },
    {
      "family": "Tyrant Flycatchers",
      "members": [
        "Northern Beardless-Tyrannulet",
        "Greenish Elaenia",
        "White-crested Elaenia",
        "Tufted Flycatcher",
        "Olive-sided Flycatcher",
        "Greater Pewee",
        "Western Wood-Pewee",
        "Eastern Wood-Pewee",
        "Cuban Pewee",
        "Yellow-bellied Flycatcher",
        "Acadian Flycatcher",
        "Alder Flycatcher",
        "Willow Flycatcher",
        "Least Flycatcher",
        "Hammond's Flycatcher",
        "Gray Flycatcher",
        "Dusky Flycatcher",
        "Pacific-slope Flycatcher",
        "Cordilleran Flycatcher",
        "Buff-breasted Flycatcher",
        "Black Phoebe",
        "Eastern Phoebe",
        "Say's Phoebe",
        "Vermilion Flycatcher",
        "Dusky-capped Flycatcher",
        "Ash-throated Flycatcher",
        "Nutting's Flycatcher",
        "Great Crested Flycatcher",
        "Brown-crested Flycatcher",
        "La Sagra's Flycatcher",
        "Great Kiskadee",
        "Social Flycatcher",
        "Sulphur-bellied Flycatcher",
        "Piratic Flycatcher",
        "Variegated Flycatcher",
        "Crowned Slaty Flycatcher",
        "Tropical Kingbird",
        "Couch's Kingbird",
        "Cassin's Kingbird",
        "Thick-billed Kingbird",
        "Western Kingbird",
        "Eastern Kingbird",
        "Gray Kingbird",
        "Loggerhead Kingbird",
        "Scissor-tailed Flycatcher",
        "Fork-tailed Flycatcher"
      ]
    },
    {
      "family": "Becards, Tityras, and Allies",
      "members": [
        "Masked Tityra",
        "Gray-collared Becard",
        "Rose-throated Becard"
      ]
    },
    {
      "family": "Shrikes",
      "members": [
        "Brown Shrike",
        "Loggerhead Shrike",
        "Northern Shrike"
      ]
    },
    {
      "family": "Vireos",
      "members": [
        "White-eyed Vireo",
        "Thick-billed Vireo",
        "Bell's Vireo",
        "Black-capped Vireo",
        "Gray Vireo",
        "Yellow-throated Vireo",
        "Plumbeous Vireo",
        "Cassin's Vireo",
        "Blue-headed Vireo",
        "Hutton's Vireo",
        "Warbling Vireo",
        "Philadelphia Vireo",
        "Red-eyed Vireo",
        "Yellow-green Vireo",
        "Black-whiskered Vireo",
        "Yucatan Vireo"
      ]
    },
    {
      "family": "Jays and Crows",
      "members": [
        "Gray Jay",
        "Brown Jay",
        "Green Jay",
        "Pinyon Jay",
        "Steller's Jay",
        "Blue Jay",
        "Florida Scrub-Jay",
        "Island Scrub-Jay",
        "California Scrub-Jay",
        "Woodhouse's Scrub-Jay",
        "Mexican Jay",
        "Clark's Nutcracker",
        "Black-billed Magpie",
        "Yellow-billed Magpie",
        "Eurasian Jackdaw",
        "American Crow",
        "Northwestern Crow",
        "Tamaulipas Crow",
        "Fish Crow",
        "Chihuahuan Raven",
        "Common Raven"
      ]
    },
    {
      "family": "Larks",
      "members": [
        "Eurasian Skylark",
        "Horned Lark"
      ]
    },
    {
      "family": "Swallows",
      "members": [
        "Purple Martin",
        "Cuban Martin",
        "Gray-breasted Martin",
        "Southern Martin",
        "Brown-chested Martin",
        "Tree Swallow",
        "Mangrove Swallow",
        "Violet-green Swallow",
        "Bahama Swallow",
        "Northern Rough-winged Swallow",
        "Bank Swallow",
        "Cliff Swallow",
        "Cave Swallow",
        "Barn Swallow",
        "Common House-Martin"
      ]
    },
    {
      "family": "Chickadees and Titmice",
      "members": [
        "Carolina Chickadee",
        "Black-capped Chickadee",
        "Mountain Chickadee",
        "Mexican Chickadee",
        "Chestnut-backed Chickadee",
        "Boreal Chickadee",
        "Gray-headed Chickadee",
        "Bridled Titmouse",
        "Oak Titmouse",
        "Juniper Titmouse",
        "Tufted Titmouse",
        "Black-crested Titmouse"
      ]
    },
    {
      "family": "Verdin",
      "members": [
        "Verdin"
      ]
    },
    {
      "family": "Bushtits",
      "members": [
        "Bushtit"
      ]
    },
    {
      "family": "Nuthatches",
      "members": [
        "Red-breasted Nuthatch",
        "White-breasted Nuthatch",
        "Pygmy Nuthatch",
        "Brown-headed Nuthatch"
      ]
    },
    {
      "family": "Creepers",
      "members": [
        "Brown Creeper"
      ]
    },
    {
      "family": "Wrens",
      "members": [
        "Rock Wren",
        "Canyon Wren",
        "House Wren",
        "Pacific Wren",
        "Winter Wren",
        "Sedge Wren",
        "Marsh Wren",
        "Carolina Wren",
        "Bewick's Wren",
        "Cactus Wren",
        "Sinaloa Wren"
      ]
    },
    {
      "family": "Gnatcatchers and Gnatwrens",
      "members": [
        "Blue-gray Gnatcatcher",
        "California Gnatcatcher",
        "Black-tailed Gnatcatcher",
        "Black-capped Gnatcatcher"
      ]
    },
    {
      "family": "Dippers",
      "members": [
        "American Dipper"
      ]
    },
    {
      "family": "Bulbuls",
      "members": [
        "Red-whiskered Bulbul"
      ]
    },
    {
      "family": "Kinglets",
      "members": [
        "Golden-crowned Kinglet",
        "Ruby-crowned Kinglet"
      ]
    },
    {
      "family": "Leaf Warblers",
      "members": [
        "Willow Warbler",
        "Common Chiffchaff",
        "Wood Warbler",
        "Dusky Warbler",
        "Pallas's Leaf Warbler",
        "Yellow-browed Warbler",
        "Arctic Warbler",
        "Kamchatka Leaf Warbler"
      ]
    },
    {
      "family": "Sylviid Warblers",
      "members": [
        "Lesser Whitethroat",
        "Wrentit"
      ]
    },
    {
      "family": "Reed Warblers",
      "members": [
        "Sedge Warbler"
      ]
    },
    {
      "family": "Grassbirds",
      "members": [
        "Middendorff's Grasshopper-Warbler",
        "Lanceolated Warbler"
      ]
    },
    {
      "family": "Old World Flycatchers",
      "members": [
        "Gray-streaked Flycatcher",
        "Asian Brown Flycatcher",
        "Spotted Flycatcher",
        "Dark-sided Flycatcher",
        "Rufous-tailed Robin",
        "Siberian Rubythroat",
        "Bluethroat",
        "Siberian Blue Robin",
        "Red-flanked Bluetail",
        "Narcissus Flycatcher",
        "Mugimaki Flycatcher",
        "Taiga Flycatcher",
        "Northern Wheatear",
        "Common Redstart",
        "Stonechat"
      ]
    },
    {
      "family": "Thrushes",
      "members": [
        "Eastern Bluebird",
        "Western Bluebird",
        "Mountain Bluebird",
        "Townsend's Solitaire",
        "Brown-backed Solitaire",
        "Orange-billed Nightingale-Thrush",
        "Black-headed Nightingale-Thrush",
        "Veery",
        "Gray-cheeked Thrush",
        "Bicknell's Thrush",
        "Swainson's Thrush",
        "Hermit Thrush",
        "Wood Thrush",
        "Eurasian Blackbird",
        "Eyebrowed Thrush",
        "Dusky Thrush",
        "Fieldfare",
        "Redwing",
        "Song Thrush",
        "Clay-colored Thrush",
        "White-throated Thrush",
        "Rufous-backed Robin",
        "American Robin",
        "Red-legged Thrush",
        "Varied Thrush",
        "Aztec Thrush"
      ]
    },
    {
      "family": "Mockingbirds and Thrashers",
      "members": [
        "Blue Mockingbird",
        "Gray Catbird",
        "Curve-billed Thrasher",
        "Brown Thrasher",
        "Long-billed Thrasher",
        "Bendire's Thrasher",
        "California Thrasher",
        "Le Conte's Thrasher",
        "Crissal Thrasher",
        "Sage Thrasher",
        "Bahama Mockingbird",
        "Northern Mockingbird"
      ]
    },
    {
      "family": "Starlings",
      "members": [
        "European Starling",
        "Common Myna"
      ]
    },
    {
      "family": "Accentors",
      "members": [
        "Siberian Accentor"
      ]
    },
    {
      "family": "Wagtails and Pipits",
      "members": [
        "Eastern Yellow Wagtail",
        "Citrine Wagtail",
        "Gray Wagtail",
        "White Wagtail",
        "Tree Pipit",
        "Olive-backed Pipit",
        "Pechora Pipit",
        "Red-throated Pipit",
        "American Pipit",
        "Sprague's Pipit"
      ]
    },
    {
      "family": "Waxwings",
      "members": [
        "Bohemian Waxwing",
        "Cedar Waxwing"
      ]
    },
    {
      "family": "Silky-flycatchers",
      "members": [
        "Gray Silky-flycatcher",
        "Phainopepla"
      ]
    },
    {
      "family": "Olive Warblers",
      "members": [
        "Olive Warbler"
      ]
    },
    {
      "family": "Longspurs and Snow Buntings",
      "members": [
        "Lapland Longspur",
        "Chestnut-collared Longspur",
        "Smith's Longspur",
        "McCown's Longspur",
        "Snow Bunting",
        "McKay's Bunting"
      ]
    },
    {
      "family": "Wood-Warblers",
      "members": [
        "Ovenbird",
        "Worm-eating Warbler",
        "Louisiana Waterthrush",
        "Northern Waterthrush",
        "Bachman's Warbler",
        "Golden-winged Warbler",
        "Blue-winged Warbler",
        "Black-and-white Warbler",
        "Prothonotary Warbler",
        "Swainson's Warbler",
        "Crescent-chested Warbler",
        "Tennessee Warbler",
        "Orange-crowned Warbler",
        "Colima Warbler",
        "Lucy's Warbler",
        "Nashville Warbler",
        "Virginia's Warbler",
        "Connecticut Warbler",
        "Gray-crowned Yellowthroat",
        "MacGillivray's Warbler",
        "Mourning Warbler",
        "Kentucky Warbler",
        "Common Yellowthroat",
        "Hooded Warbler",
        "American Redstart",
        "Kirtland's Warbler",
        "Cape May Warbler",
        "Cerulean Warbler",
        "Northern Parula",
        "Tropical Parula",
        "Magnolia Warbler",
        "Bay-breasted Warbler",
        "Blackburnian Warbler",
        "Yellow Warbler",
        "Chestnut-sided Warbler",
        "Blackpoll Warbler",
        "Black-throated Blue Warbler",
        "Palm Warbler",
        "Pine Warbler",
        "Yellow-rumped Warbler",
        "Yellow-throated Warbler",
        "Prairie Warbler",
        "Grace's Warbler",
        "Black-throated Gray Warbler",
        "Townsend's Warbler",
        "Hermit Warbler",
        "Golden-cheeked Warbler",
        "Black-throated Green Warbler",
        "Fan-tailed Warbler",
        "Rufous-capped Warbler",
        "Golden-crowned Warbler",
        "Canada Warbler",
        "Wilson's Warbler",
        "Red-faced Warbler",
        "Painted Redstart",
        "Slate-throated Redstart",
        "Yellow-breasted Chat"
      ]
    },
    {
      "family": "Spindalises",
      "members": [
        "Western Spindalis"
      ]
    },
    {
      "family": "Tanagers",
      "members": [
        "Red-legged Honeycreeper",
        "Bananaquit",
        "Yellow-faced Grassquit",
        "Black-faced Grassquit",
        "White-collared Seedeater"
      ]
    },
    {
      "family": "Emberizids",
      "members": [
        "Olive Sparrow",
        "Green-tailed Towhee",
        "Spotted Towhee",
        "Eastern Towhee",
        "Rufous-crowned Sparrow",
        "Canyon Towhee",
        "California Towhee",
        "Abert's Towhee",
        "Rufous-winged Sparrow",
        "Botteri's Sparrow",
        "Cassin's Sparrow",
        "Bachman's Sparrow",
        "American Tree Sparrow",
        "Chipping Sparrow",
        "Clay-colored Sparrow",
        "Brewer's Sparrow",
        "Field Sparrow",
        "Worthen's Sparrow",
        "Black-chinned Sparrow",
        "Vesper Sparrow",
        "Lark Sparrow",
        "Five-striped Sparrow",
        "Black-throated Sparrow",
        "Sagebrush Sparrow",
        "Bell's Sparrow",
        "Lark Bunting",
        "Savannah Sparrow",
        "Grasshopper Sparrow",
        "Baird's Sparrow",
        "Henslow's Sparrow",
        "Le Conte's Sparrow",
        "Nelson's Sparrow",
        "Saltmarsh Sparrow",
        "Seaside Sparrow",
        "Fox Sparrow",
        "Song Sparrow",
        "Lincoln's Sparrow",
        "Swamp Sparrow",
        "White-throated Sparrow",
        "Harris's Sparrow",
        "White-crowned Sparrow",
        "Golden-crowned Sparrow",
        "Dark-eyed Junco",
        "Yellow-eyed Junco",
        "Pine Bunting",
        "Yellow-browed Bunting",
        "Little Bunting",
        "Rustic Bunting",
        "Yellow-throated Bunting",
        "Yellow-breasted Bunting",
        "Gray Bunting",
        "Pallas's Bunting",
        "Reed Bunting"
      ]
    },
    {
      "family": "Cardinals, Piranga Tanagers and Allies",
      "members": [
        "Hepatic Tanager",
        "Summer Tanager",
        "Scarlet Tanager",
        "Western Tanager",
        "Flame-colored Tanager",
        "Crimson-collared Grosbeak",
        "Northern Cardinal",
        "Pyrrhuloxia",
        "Yellow Grosbeak",
        "Rose-breasted Grosbeak",
        "Black-headed Grosbeak",
        "Blue Bunting",
        "Blue Grosbeak",
        "Lazuli Bunting",
        "Indigo Bunting",
        "Varied Bunting",
        "Painted Bunting",
        "Dickcissel"
      ]
    },
    {
      "family": "Blackbirds",
      "members": [
        "Bobolink",
        "Red-winged Blackbird",
        "Tricolored Blackbird",
        "Tawny-shouldered Blackbird",
        "Eastern Meadowlark",
        "Western Meadowlark",
        "Yellow-headed Blackbird",
        "Rusty Blackbird",
        "Brewer's Blackbird",
        "Common Grackle",
        "Boat-tailed Grackle",
        "Great-tailed Grackle",
        "Shiny Cowbird",
        "Bronzed Cowbird",
        "Brown-headed Cowbird",
        "Black-vented Oriole",
        "Orchard Oriole",
        "Hooded Oriole",
        "Streak-backed Oriole",
        "Bullock's Oriole",
        "Spot-breasted Oriole",
        "Altamira Oriole",
        "Audubon's Oriole",
        "Baltimore Oriole",
        "Scott's Oriole"
      ]
    },
    {
      "family": "Fringilline and Cardueline Finches and Allies",
      "members": [
        "Common Chaffinch",
        "Brambling",
        "Asian Rosy-Finch",
        "Gray-crowned Rosy-Finch",
        "Black Rosy-Finch",
        "Brown-capped Rosy-Finch",
        "Pine Grosbeak",
        "Eurasian Bullfinch",
        "Common Rosefinch",
        "Pallas's Rosefinch",
        "House Finch",
        "Purple Finch",
        "Cassin's Finch",
        "Red Crossbill",
        "White-winged Crossbill",
        "Common Redpoll",
        "Hoary Redpoll",
        "Eurasian Siskin",
        "Pine Siskin",
        "Lesser Goldfinch",
        "Lawrence's Goldfinch",
        "American Goldfinch",
        "Oriental Greenfinch",
        "Evening Grosbeak",
        "Hawfinch"
      ]
    },
    {
      "family": "Old World Sparrows",
      "members": [
        "House Sparrow",
        "Eurasian Tree Sparrow"
      ]
    },
    {
      "family": "Waxbills",
      "members": [
        "Scaly-breasted Munia"
      ]
    }
  ]
}
