{
  "description": "A bunch of rich people from a Forbes listicle, including the source article, img, and name",
    "richPeople": [
    { "url": "http://www.forbes.com/profile/bill-gates/",
      "img": "http://i.forbesimg.com/media/lists/people/bill-gates_200x200.jpg",
      "name": "Bill Gates"},
    { "url": "http://www.forbes.com/profile/warren-buffett/",
      "img": "http://i.forbesimg.com/media/lists/people/warren-buffett_200x200.jpg",
      "name": "Warren Buffett"},
    { "url": "http://www.forbes.com/profile/larry-ellison/",
      "img": "http://i.forbesimg.com/media/lists/people/larry-ellison_200x200.jpg",
      "name": "Larry Ellison"},
    { "url": "http://www.forbes.com/profile/charles-koch/",
      "img": "http://i.forbesimg.com/media/lists/people/charles-koch_200x200.jpg",
      "name": "Charles Koch"},
    { "url": "http://www.forbes.com/profile/david-koch/",
      "img": "http://i.forbesimg.com/media/lists/people/david-koch_200x200.jpg",
      "name": "David Koch"},
    { "url": "http://www.forbes.com/profile/christy-walton/",
      "img": "http://i.forbesimg.com/media/lists/people/christy-walton_200x200.jpg",
      "name": "Christy Walton & family"},
    { "url": "http://www.forbes.com/profile/jim-walton/",
      "img": "http://i.forbesimg.com/media/lists/people/jim-walton_200x200.jpg",
      "name": "Jim Walton"},
    { "url": "http://www.forbes.com/profile/alice-walton/",
      "img": "http://i.forbesimg.com/media/lists/people/alice-walton_200x200.jpg",
      "name": "Alice Walton"},
    { "url": "http://www.forbes.com/profile/s-robson-walton/",
      "img": "http://i.forbesimg.com/media/lists/people/s-robson-walton_200x200.jpg",
      "name": "S. Robson Walton"},
    { "url": "http://www.forbes.com/profile/michael-bloomberg/",
      "img": "http://i.forbesimg.com/media/lists/people/michael-bloomberg_200x200.jpg",
      "name": "Michael Bloomberg"},
    { "url": "http://www.forbes.com/profile/jeff-bezos/",
      "img": "http://i.forbesimg.com/media/lists/people/jeff-bezos_200x200.jpg",
      "name": "Jeff Bezos"},
    { "url": "http://www.forbes.com/profile/sheldon-adelson/",
      "img": "http://i.forbesimg.com/media/lists/people/sheldon-adelson_200x200.jpg",
      "name": "Sheldon Adelson"},
    { "url": "http://www.forbes.com/profile/sergey-brin/",
      "img": "http://i.forbesimg.com/media/lists/people/sergey-brin_200x200.jpg",
      "name": "Sergey Brin"},
    { "url": "http://www.forbes.com/profile/larry-page/",
      "img": "http://i.forbesimg.com/media/lists/people/larry-page_200x200.jpg",
      "name": "Larry Page"},
    { "url": "http://www.forbes.com/profile/george-soros/",
      "img": "http://i.forbesimg.com/media/lists/people/george-soros_200x200.jpg",
      "name": "George Soros"},
    { "url": "http://www.forbes.com/profile/forrest-mars-jr/",
      "img": "http://i.forbesimg.com/media/lists/people/forrest-mars-jr_200x200.jpg",
      "name": "Forrest Mars, Jr."},
    { "url": "http://www.forbes.com/profile/jacqueline-mars/",
      "img": "http://i.forbesimg.com/media/lists/people/jacqueline-mars_200x200.jpg",
      "name": "Jacqueline Mars"},
    { "url": "http://www.forbes.com/profile/john-mars/",
      "img": "http://i.forbesimg.com/media/lists/people/no-pic_200x200.jpg",
      "name": "John Mars"},
    { "url": "http://www.forbes.com/profile/steve-ballmer/",
      "img": "http://i.forbesimg.com/media/lists/people/steve-ballmer_200x200.jpg",
      "name": "Steve Ballmer"},
    { "url": "http://www.forbes.com/profile/paul-allen/",
      "img": "http://i.forbesimg.com/media/lists/people/paul-allen_200x200.jpg",
      "name": "Paul Allen"},
    { "url": "http://www.forbes.com/profile/carl-icahn/",
      "img": "http://i.forbesimg.com/media/lists/people/carl-icahn_200x200.jpg",
      "name": "Carl Icahn"},
    { "url": "http://www.forbes.com/profile/michael-dell/",
      "img": "http://i.forbesimg.com/media/lists/people/michael-dell_200x200.jpg",
      "name": "Michael Dell"},
    { "url": "http://www.forbes.com/profile/phil-knight/",
      "img": "http://i.forbesimg.com/media/lists/people/phil-knight_200x200.jpg",
      "name": "Phil Knight"},
    { "url": "http://www.forbes.com/profile/donald-bren/",
      "img": "http://i.forbesimg.com/media/lists/people/donald-bren_200x200.jpg",
      "name": "Donald Bren"},
    { "url": "http://www.forbes.com/profile/len-blavatnik/",
      "img": "http://i.forbesimg.com/media/lists/people/len-blavatnik_200x200.jpg",
      "name": "Len Blavatnik"},
    { "url": "http://www.forbes.com/profile/ronald-perelman/",
      "img": "http://i.forbesimg.com/media/lists/people/ronald-perelman_200x200.jpg",
      "name": "Ronald Perelman"},
    { "url": "http://www.forbes.com/profile/abigail-johnson/",
      "img": "http://i.forbesimg.com/media/lists/people/abigail-johnson_200x200.jpg",
      "name": "Abigail Johnson"},
    { "url": "http://www.forbes.com/profile/john-paulson/",
      "img": "http://i.forbesimg.com/media/lists/people/john-paulson_200x200.jpg",
      "name": "John Paulson"},
    { "url": "http://www.forbes.com/profile/laurene-powell-jobs/",
      "img": "http://i.forbesimg.com/media/lists/people/laurene-powell-jobs_200x200.jpg",
      "name": "Laurene Powell Jobs & family"},
    { "url": "http://www.forbes.com/profile/james-simons/",
      "img": "http://i.forbesimg.com/media/lists/people/james-simons_200x200.jpg",
      "name": "James Simons"},
    { "url": "http://www.forbes.com/profile/jack-taylor/",
      "img": "http://i.forbesimg.com/media/lists/people/jack-taylor_200x200.jpg",
      "name": "Jack Taylor & family"},
    { "url": "http://www.forbes.com/profile/anne-cox-chambers/",
      "img": "http://i.forbesimg.com/media/lists/people/anne-cox-chambers_200x200.jpg",
      "name": "Anne Cox Chambers"},
    { "url": "http://www.forbes.com/profile/ray-dalio/",
      "img": "http://i.forbesimg.com/media/lists/people/ray-dalio_200x200.jpg",
      "name": "Ray Dalio"},
    { "url": "http://www.forbes.com/profile/george-kaiser/",
      "img": "http://i.forbesimg.com/media/lists/people/george-kaiser_200x200.jpg",
      "name": "George Kaiser"},
    { "url": "http://www.forbes.com/profile/harold-hamm/",
      "img": "http://i.forbesimg.com/media/lists/people/harold-hamm_200x200.jpg",
      "name": "Harold Hamm"},
    { "url": "http://www.forbes.com/profile/richard-kinder/",
      "img": "http://i.forbesimg.com/media/lists/people/richard-kinder_200x200.jpg",
      "name": "Richard Kinder"},
    { "url": "http://www.forbes.com/profile/rupert-murdoch/",
      "img": "http://i.forbesimg.com/media/lists/people/rupert-murdoch_200x200.jpg",
      "name": "Rupert Murdoch"},
    { "url": "http://www.forbes.com/profile/mark-zuckerberg/",
      "img": "http://i.forbesimg.com/media/lists/people/mark-zuckerberg_200x200.jpg",
      "name": "Mark Zuckerberg"},
    { "url": "http://www.forbes.com/profile/charles-ergen/",
      "img": "http://i.forbesimg.com/media/lists/people/charles-ergen_200x200.jpg",
      "name": "Charles Ergen"},
    { "url": "http://www.forbes.com/profile/steve-cohen/",
      "img": "http://i.forbesimg.com/media/lists/people/steve-cohen_200x200.jpg",
      "name": "Steve Cohen"},
    { "url": "http://www.forbes.com/profile/andrew-beal/",
      "img": "http://i.forbesimg.com/media/lists/people/andrew-beal_200x200.jpg",
      "name": "Andrew Beal"},
    { "url": "http://www.forbes.com/profile/pierre-omidyar/",
      "img": "http://i.forbesimg.com/media/lists/people/pierre-omidyar_200x200.jpg",
      "name": "Pierre Omidyar"},
    { "url": "http://www.forbes.com/profile/leonard-lauder/",
      "img": "http://i.forbesimg.com/media/lists/people/leonard-lauder_200x200.jpg",
      "name": "Leonard Lauder"},
    { "url": "http://www.forbes.com/profile/philip-anschutz/",
      "img": "http://i.forbesimg.com/media/lists/people/philip-anschutz_200x200.jpg",
      "name": "Philip Anschutz"},
    { "url": "http://www.forbes.com/profile/eric-schmidt/",
      "img": "http://i.forbesimg.com/media/lists/people/eric-schmidt_200x200.jpg",
      "name": "Eric Schmidt"},
    { "url": "http://www.forbes.com/profile/samuel-newhouse-jr/",
      "img": "http://i.forbesimg.com/media/lists/people/samuel-newhouse-jr_200x200.jpg",
      "name": "Samuel Newhouse, Jr."},
    { "url": "http://www.forbes.com/profile/james-goodnight/",
      "img": "http://i.forbesimg.com/media/lists/people/james-goodnight_200x200.jpg",
      "name": "James Goodnight"},
    { "url": "http://www.forbes.com/profile/patrick-soon-shiong/",
      "img": "http://i.forbesimg.com/media/lists/people/patrick-soon-shiong_200x200.jpg",
      "name": "Patrick Soon-Shiong"},
    { "url": "http://www.forbes.com/profile/harold-simmons/",
      "img": "http://i.forbesimg.com/media/lists/people/harold-simmons_200x200.jpg",
      "name": "Harold Simmons"},
    { "url": "http://www.forbes.com/profile/charles-butt/",
      "img": "http://i.forbesimg.com/media/lists/people/charles-butt_200x200.jpg",
      "name": "Charles Butt"},
    { "url": "http://www.forbes.com/profile/donald-newhouse/",
      "img": "http://i.forbesimg.com/media/lists/people/donald-newhouse_200x200.jpg",
      "name": "Donald Newhouse"},
    { "url": "http://www.forbes.com/profile/edward-johnson-iii/",
      "img": "http://i.forbesimg.com/media/lists/people/edward-johnson-iii_200x200.jpg",
      "name": "Edward Johnson, III."},
    { "url": "http://www.forbes.com/profile/ralph-lauren/",
      "img": "http://i.forbesimg.com/media/lists/people/ralph-lauren_200x200.jpg",
      "name": "Ralph Lauren"},
    { "url": "http://www.forbes.com/profile/ira-rennert/",
      "img": "http://i.forbesimg.com/media/lists/people/ira-rennert_200x200.jpg",
      "name": "Ira Rennert"},
    { "url": "http://www.forbes.com/profile/eli-broad/",
      "img": "http://i.forbesimg.com/media/lists/people/eli-broad_200x200.jpg",
      "name": "Eli Broad"},
    { "url": "http://www.forbes.com/profile/john-menard-jr-1/",
      "img": "http://i.forbesimg.com/media/lists/people/john-menard-jr-1_200x200.jpg",
      "name": "John Menard, Jr."},
    { "url": "http://www.forbes.com/profile/david-geffen/",
      "img": "http://i.forbesimg.com/media/lists/people/david-geffen_200x200.jpg",
      "name": "David Geffen"},
    { "url": "http://www.forbes.com/profile/john-malone/",
      "img": "http://i.forbesimg.com/media/lists/people/john-malone_200x200.jpg",
      "name": "John Malone"},
    { "url": "http://www.forbes.com/profile/jeffrey-hildebrand/",
      "img": "http://i.forbesimg.com/media/lists/people/jeffrey-hildebrand_200x200.jpg",
      "name": "Jeffrey Hildebrand"},
    { "url": "http://www.forbes.com/profile/david-tepper/",
      "img": "http://i.forbesimg.com/media/lists/people/david-tepper_200x200.jpg",
      "name": "David Tepper"},
    { "url": "http://www.forbes.com/profile/jim-kennedy/",
      "img": "http://i.forbesimg.com/media/lists/people/jim-kennedy_200x200.jpg",
      "name": "Jim Kennedy"},
    { "url": "http://www.forbes.com/profile/blair-parry-okeden/",
      "img": "http://i.forbesimg.com/media/lists/people/no-pic-female_200x200.jpg",
      "name": "Blair Parry-Okeden"},
    { "url": "http://www.forbes.com/profile/ray-lee-hunt/",
      "img": "http://i.forbesimg.com/media/lists/people/ray-lee-hunt_200x200.jpg",
      "name": "Ray Lee Hunt"},
    { "url": "http://www.forbes.com/profile/richard-lefrak/",
      "img": "http://i.forbesimg.com/media/lists/people/richard-lefrak_200x200.jpg",
      "name": "Richard LeFrak & family"},
    { "url": "http://www.forbes.com/profile/stephen-schwarzman/",
      "img": "http://i.forbesimg.com/media/lists/people/stephen-schwarzman_200x200.jpg",
      "name": "Stephen Schwarzman"},
    { "url": "http://www.forbes.com/profile/dennis-washington/",
      "img": "http://i.forbesimg.com/media/lists/people/dennis-washington_200x200.jpg",
      "name": "Dennis Washington"},
    { "url": "http://www.forbes.com/profile/richard-devos/",
      "img": "http://i.forbesimg.com/media/lists/people/richard-devos_200x200.jpg",
      "name": "Richard DeVos"},
    { "url": "http://www.forbes.com/profile/micky-arison/",
      "img": "http://i.forbesimg.com/media/lists/people/micky-arison_200x200.jpg",
      "name": "Micky Arison"},
    { "url": "http://www.forbes.com/profile/hank-doug-meijer/",
      "img": "http://i.forbesimg.com/media/lists/people/hank-doug-meijer_200x200.jpg",
      "name": "Hank & Doug Meijer"},
    { "url": "http://www.forbes.com/profile/robert-rowling/",
      "img": "http://i.forbesimg.com/media/lists/people/robert-rowling_200x200.jpg",
      "name": "Robert Rowling"},
    { "url": "http://www.forbes.com/profile/gordon-moore/",
      "img": "http://i.forbesimg.com/media/lists/people/gordon-moore_200x200.jpg",
      "name": "Gordon Moore"},
    { "url": "http://www.forbes.com/profile/dannine-avara/",
      "img": "http://i.forbesimg.com/media/lists/people/no-pic-female_200x200.jpg",
      "name": "Dannine Avara"},
    { "url": "http://www.forbes.com/profile/scott-duncan/",
      "img": "http://i.forbesimg.com/media/lists/people/no-pic_200x200.jpg",
      "name": "Scott Duncan"},
    { "url": "http://www.forbes.com/profile/milane-frantz/",
      "img": "http://i.forbesimg.com/media/lists/people/milane-frantz_200x200.jpg",
      "name": "Milane Frantz"},
    { "url": "http://www.forbes.com/profile/charles-johnson/",
      "img": "http://i.forbesimg.com/media/lists/people/charles-johnson_200x200.jpg",
      "name": "Charles Johnson"},
    { "url": "http://www.forbes.com/profile/randa-williams/",
      "img": "http://i.forbesimg.com/media/lists/people/randa-williams_200x200.jpg",
      "name": "Randa Williams"},
    { "url": "http://www.forbes.com/profile/rupert-johnson-jr/",
      "img": "http://i.forbesimg.com/media/lists/people/no-pic_200x200.jpg",
      "name": "Rupert Johnson, Jr."},
    { "url": "http://www.forbes.com/profile/thomas-peterffy/",
      "img": "http://i.forbesimg.com/media/lists/people/thomas-peterffy_200x200.jpg",
      "name": "Thomas Peterffy"},
    { "url": "http://www.forbes.com/profile/jin-sook-do-won-chang/",
      "img": "http://i.forbesimg.com/media/lists/people/jin-sook-do-won-chang_200x200.jpg",
      "name": "Jin Sook & Do Won Chang"},
    { "url": "http://www.forbes.com/profile/david-green/",
      "img": "http://i.forbesimg.com/media/lists/people/david-green_200x200.jpg",
      "name": "David Green"},
    { "url": "http://www.forbes.com/profile/ann-walton-kroenke/",
      "img": "http://i.forbesimg.com/media/lists/people/ann-walton-kroenke_200x200.jpg",
      "name": "Ann Walton Kroenke"},
    { "url": "http://www.forbes.com/profile/trevor-rees-jones/",
      "img": "http://i.forbesimg.com/media/lists/people/trevor-rees-jones_200x200.jpg",
      "name": "Trevor Rees-Jones"},
    { "url": "http://www.forbes.com/profile/stephen-ross/",
      "img": "http://i.forbesimg.com/media/lists/people/stephen-ross_200x200.jpg",
      "name": "Stephen Ross"},
    { "url": "http://www.forbes.com/profile/leslie-wexner/",
      "img": "http://i.forbesimg.com/media/lists/people/leslie-wexner_200x200.jpg",
      "name": "Leslie Wexner"},
    { "url": "http://www.forbes.com/profile/bruce-kovner/",
      "img": "http://i.forbesimg.com/media/lists/people/bruce-kovner_200x200.jpg",
      "name": "Bruce Kovner"},
    { "url": "http://www.forbes.com/profile/daniel-ziff/",
      "img": "http://i.forbesimg.com/media/lists/people/daniel-ziff_200x200.jpg",
      "name": "Daniel Ziff"},
    { "url": "http://www.forbes.com/profile/dirk-ziff/",
      "img": "http://i.forbesimg.com/media/lists/people/dirk-ziff_200x200.jpg",
      "name": "Dirk Ziff"},
    { "url": "http://www.forbes.com/profile/robert-ziff/",
      "img": "http://i.forbesimg.com/media/lists/people/robert-ziff_200x200.jpg",
      "name": "Robert Ziff"},
    { "url": "http://www.forbes.com/profile/s-truett-cathy/",
      "img": "http://i.forbesimg.com/media/lists/people/s-truett-cathy_200x200.jpg",
      "name": "S. Truett Cathy"},
    { "url": "http://www.forbes.com/profile/leonard-stern/",
      "img": "http://i.forbesimg.com/media/lists/people/leonard-stern_200x200.jpg",
      "name": "Leonard Stern"},
    { "url": "http://www.forbes.com/profile/sumner-redstone/",
      "img": "http://i.forbesimg.com/media/lists/people/sumner-redstone_200x200.jpg",
      "name": "Sumner Redstone"},
    { "url": "http://www.forbes.com/profile/john-paul-dejoria/",
      "img": "http://i.forbesimg.com/media/lists/people/john-paul-dejoria_200x200.jpg",
      "name": "John Paul DeJoria"},
    { "url": "http://www.forbes.com/profile/thomas-frist-jr/",
      "img": "http://i.forbesimg.com/media/lists/people/thomas-frist-jr_200x200.jpg",
      "name": "Thomas Frist, Jr. & family"},
    { "url": "http://www.forbes.com/profile/barbara-carlson-gage/",
      "img": "http://i.forbesimg.com/media/lists/people/barbara-carlson-gage_200x200.jpg",
      "name": "Barbara Carlson Gage"},
    { "url": "http://www.forbes.com/profile/bruce-halle/",
      "img": "http://i.forbesimg.com/media/lists/people/bruce-halle_200x200.jpg",
      "name": "Bruce Halle"},
    { "url": "http://www.forbes.com/profile/william-koch/",
      "img": "http://i.forbesimg.com/media/lists/people/william-koch_200x200.jpg",
      "name": "William Koch"},
    { "url": "http://www.forbes.com/profile/henry-kravis/",
      "img": "http://i.forbesimg.com/media/lists/people/henry-kravis_200x200.jpg",
      "name": "Henry Kravis"},
    { "url": "http://www.forbes.com/profile/stanley-kroenke/",
      "img": "http://i.forbesimg.com/media/lists/people/stanley-kroenke_200x200.jpg",
      "name": "Stanley Kroenke"},
    { "url": "http://www.forbes.com/profile/marilyn-carlson-nelson/",
      "img": "http://i.forbesimg.com/media/lists/people/marilyn-carlson-nelson_200x200.jpg",
      "name": "Marilyn Carlson Nelson"},
    { "url": "http://www.forbes.com/profile/nancy-walton-laurie/",
      "img": "http://i.forbesimg.com/media/lists/people/nancy-walton-laurie_200x200.jpg",
      "name": "Nancy Walton Laurie"}
  ]
}
