{
   "description": "Copy of JSON retrieved from https://www.govtrack.us/api/v2/role?role_type=president. The ID here matches the one in the corpora/data/words/us_president_quotes.json file",
   "meta":{
      "total_count":66,
      "limit":100,
      "offset":0
   },
   "objects":[
      {
         "website":"",
         "startdate":"2009-01-20",
         "role_type_label":"President",
         "enddate":"2013-01-20",
         "description":"President",
         "district":null,
         "phone":null,
         "title":"President",
         "congress_numbers":[
            111,
            112,
            113
         ],
         "title_long":"President",
         "current":false,
         "person":{
            "name":"President Barack Obama [D]",
            "firstname":"Barack",
            "twitterid":null,
            "middlename":"",
            "gender":"male",
            "bioguideid":"O000167",
            "namemod":"",
            "birthday":"1961-08-04",
            "link":"https://www.govtrack.us/congress/members/barack_obama/400629",
            "youtubeid":null,
            "sortname":"Obama, Barack (President) [D]",
            "lastname":"Obama",
            "gender_label":"Male",
            "osid":"N00009638",
            "pvsid":"9490",
            "nickname":"",
            "id":400629,
            "cspanid":null
         },
         "state":"",
         "senator_rank":null,
         "role_type":"president",
         "senator_class":null,
         "party":"Democrat",
         "id":5125,
         "leadership_title":null
      },
      {
         "website":"",
         "startdate":"1797-03-04",
         "role_type_label":"President",
         "enddate":"1801-03-04",
         "description":"President",
         "district":null,
         "phone":null,
         "title":"President",
         "congress_numbers":null,
         "title_long":"President",
         "current":false,
         "person":{
            "name":"President John Adams [F, 1797-1801]",
            "firstname":"John",
            "twitterid":null,
            "middlename":"",
            "gender":"male",
            "bioguideid":"A000039",
            "namemod":"",
            "birthday":"1735-10-19",
            "link":"https://www.govtrack.us/congress/members/john_adams/400699",
            "youtubeid":null,
            "sortname":"Adams, John (President) [F, 1797-1801]",
            "lastname":"Adams",
            "gender_label":"Male",
            "osid":null,
            "pvsid":null,
            "nickname":"",
            "id":400699,
            "cspanid":null
         },
         "state":"",
         "senator_rank":null,
         "role_type":"president",
         "senator_class":null,
         "party":"Federalist",
         "id":5374,
         "leadership_title":null
      },
      {
         "website":"",
         "startdate":"1825-03-04",
         "role_type_label":"President",
         "enddate":"1829-03-04",
         "description":"President",
         "district":null,
         "phone":null,
         "title":"President",
         "congress_numbers":null,
         "title_long":"President",
         "current":false,
         "person":{
            "name":"Rep. John Adams [W-MA8, 1847-1849]",
            "firstname":"John",
            "twitterid":null,
            "middlename":"Quincy",
            "gender":"male",
            "bioguideid":"A000041",
            "namemod":"",
            "birthday":"1767-07-11",
            "link":"https://www.govtrack.us/congress/members/john_adams/400702",
            "youtubeid":null,
            "sortname":"Adams, John (Rep.) [W-MA8, 1847-1849]",
            "lastname":"Adams",
            "gender_label":"Male",
            "osid":null,
            "pvsid":null,
            "nickname":"",
            "id":400702,
            "cspanid":null
         },
         "state":"",
         "senator_rank":null,
         "role_type":"president",
         "senator_class":null,
         "party":"Democratic-Republican",
         "id":5380,
         "leadership_title":null
      },
      {
         "website":"",
         "startdate":"1881-09-19",
         "role_type_label":"President",
         "enddate":"1885-03-04",
         "description":"President",
         "district":null,
         "phone":null,
         "title":"President",
         "congress_numbers":null,
         "title_long":"President",
         "current":false,
         "person":{
            "name":"President Chester Arthur [R, 1881-1885]",
            "firstname":"Chester",
            "twitterid":null,
            "middlename":"Alan",
            "gender":"male",
            "bioguideid":"A000303",
            "namemod":"",
            "birthday":"1829-10-05",
            "link":"https://www.govtrack.us/congress/members/chester_arthur/400945",
            "youtubeid":null,
            "sortname":"Arthur, Chester (President) [R, 1881-1885]",
            "lastname":"Arthur",
            "gender_label":"Male",
            "osid":null,
            "pvsid":null,
            "nickname":"",
            "id":400945,
            "cspanid":null
         },
         "state":"",
         "senator_rank":null,
         "role_type":"president",
         "senator_class":null,
         "party":"Republican",
         "id":6177,
         "leadership_title":null
      },
      {
         "website":"",
         "startdate":"1857-03-04",
         "role_type_label":"President",
         "enddate":"1861-03-04",
         "description":"President",
         "district":null,
         "phone":null,
         "title":"President",
         "congress_numbers":null,
         "title_long":"President",
         "current":false,
         "person":{
            "name":"President James Buchanan [D, 1857-1861]",
            "firstname":"James",
            "twitterid":null,
            "middlename":"",
            "gender":"male",
            "bioguideid":"B001005",
            "namemod":"",
            "birthday":"1791-04-23",
            "link":"https://www.govtrack.us/congress/members/james_buchanan/401954",
            "youtubeid":null,
            "sortname":"Buchanan, James (President) [D, 1857-1861]",
            "lastname":"Buchanan",
            "gender_label":"Male",
            "osid":null,
            "pvsid":null,
            "nickname":"",
            "id":401954,
            "cspanid":null
         },
         "state":"",
         "senator_rank":null,
         "role_type":"president",
         "senator_class":null,
         "party":"Democratic",
         "id":9299,
         "leadership_title":null
      },
      {
         "website":"",
         "startdate":"1989-01-20",
         "role_type_label":"President",
         "enddate":"1993-01-20",
         "description":"President",
         "district":null,
         "phone":null,
         "title":"President",
         "congress_numbers":[
            101,
            102,
            103
         ],
         "title_long":"President",
         "current":false,
         "person":{
            "name":"President George Bush [R, 1989-1993]",
            "firstname":"George",
            "twitterid":null,
            "middlename":"Herbert Walker",
            "gender":"male",
            "bioguideid":"B001166",
            "namemod":"",
            "birthday":"1924-06-12",
            "link":"https://www.govtrack.us/congress/members/george_bush/402108",
            "youtubeid":null,
            "sortname":"Bush, George (President) [R, 1989-1993]",
            "lastname":"Bush",
            "gender_label":"Male",
            "osid":null,
            "pvsid":null,
            "nickname":"",
            "id":402108,
            "cspanid":null
         },
         "state":"",
         "senator_rank":null,
         "role_type":"president",
         "senator_class":null,
         "party":"Republican",
         "id":9806,
         "leadership_title":null
      },
      {
         "website":"",
         "startdate":"1923-08-02",
         "role_type_label":"President",
         "enddate":"1925-03-04",
         "description":"President",
         "district":null,
         "phone":null,
         "title":"President",
         "congress_numbers":null,
         "title_long":"President",
         "current":false,
         "person":{
            "name":"President Calvin Coolidge [R, 1923-1929]",
            "firstname":"Calvin",
            "twitterid":null,
            "middlename":"",
            "gender":"male",
            "bioguideid":"C000738",
            "namemod":"",
            "birthday":"1872-07-04",
            "link":"https://www.govtrack.us/congress/members/calvin_coolidge/402859",
            "youtubeid":null,
            "sortname":"Coolidge, Calvin (President) [R, 1923-1929]",
            "lastname":"Coolidge",
            "gender_label":"Male",
            "osid":null,
            "pvsid":null,
            "nickname":"",
            "id":402859,
            "cspanid":null
         },
         "state":"",
         "senator_rank":null,
         "role_type":"president",
         "senator_class":null,
         "party":"Republican",
         "id":12181,
         "leadership_title":null
      },
      {
         "website":"",
         "startdate":"1850-07-09",
         "role_type_label":"President",
         "enddate":"1853-03-04",
         "description":"President",
         "district":null,
         "phone":null,
         "title":"President",
         "congress_numbers":null,
         "title_long":"President",
         "current":false,
         "person":{
            "name":"President Millard Fillmore [W, 1850-1853]",
            "firstname":"Millard",
            "twitterid":null,
            "middlename":"",
            "gender":null,
            "bioguideid":"F000115",
            "namemod":"",
            "birthday":"1800-01-07",
            "link":"https://www.govtrack.us/congress/members/millard_fillmore/404072",
            "youtubeid":null,
            "sortname":"Fillmore, Millard (President) [W, 1850-1853]",
            "lastname":"Fillmore",
            "osid":null,
            "pvsid":null,
            "nickname":"",
            "id":404072,
            "cspanid":null
         },
         "state":"",
         "senator_rank":null,
         "role_type":"president",
         "senator_class":null,
         "party":"Whig",
         "id":16115,
         "leadership_title":null
      },
      {
         "website":"",
         "startdate":"1974-08-09",
         "role_type_label":"President",
         "enddate":"1977-01-20",
         "description":"President",
         "district":null,
         "phone":null,
         "title":"President",
         "congress_numbers":[
            93,
            94,
            95
         ],
         "title_long":"President",
         "current":false,
         "person":{
            "name":"President Gerald Ford [R, 1974-1977]",
            "firstname":"Gerald",
            "twitterid":null,
            "middlename":"Rudolph",
            "gender":null,
            "bioguideid":"F000260",
            "namemod":"Jr.",
            "birthday":"1913-07-14",
            "link":"https://www.govtrack.us/congress/members/gerald_ford/404212",
            "youtubeid":null,
            "sortname":"Ford, Gerald (President) [R, 1974-1977]",
            "lastname":"Ford",
            "osid":null,
            "pvsid":null,
            "nickname":"",
            "id":404212,
            "cspanid":null
         },
         "state":"",
         "senator_rank":null,
         "role_type":"president",
         "senator_class":null,
         "party":"Republican",
         "id":16600,
         "leadership_title":null
      },
      {
         "website":"",
         "startdate":"1881-03-04",
         "role_type_label":"President",
         "enddate":"1881-09-19",
         "description":"President",
         "district":null,
         "phone":null,
         "title":"President",
         "congress_numbers":[
            47
         ],
         "title_long":"President",
         "current":false,
         "person":{
            "name":"President James Garfield [R, 1881-1881]",
            "firstname":"James",
            "twitterid":null,
            "middlename":"Abram",
            "gender":"male",
            "bioguideid":"G000063",
            "namemod":"",
            "birthday":"1831-11-19",
            "link":"https://www.govtrack.us/congress/members/james_garfield/404436",
            "youtubeid":null,
            "sortname":"Garfield, James (President) [R, 1881-1881]",
            "lastname":"Garfield",
            "gender_label":"Male",
            "osid":null,
            "pvsid":null,
            "nickname":"",
            "id":404436,
            "cspanid":null
         },
         "state":"",
         "senator_rank":null,
         "role_type":"president",
         "senator_class":null,
         "party":"Republican",
         "id":17346,
         "leadership_title":null
      },
      {
         "website":"",
         "startdate":"1921-03-04",
         "role_type_label":"President",
         "enddate":"1923-08-02",
         "description":"President",
         "district":null,
         "phone":null,
         "title":"President",
         "congress_numbers":null,
         "title_long":"President",
         "current":false,
         "person":{
            "name":"President Warren Harding [R, 1921-1923]",
            "firstname":"Warren",
            "twitterid":null,
            "middlename":"Gamaliel",
            "gender":"male",
            "bioguideid":"H000192",
            "namemod":"",
            "birthday":"1865-11-02",
            "link":"https://www.govtrack.us/congress/members/warren_harding/405073",
            "youtubeid":null,
            "sortname":"Harding, Warren (President) [R, 1921-1923]",
            "lastname":"Harding",
            "gender_label":"Male",
            "osid":null,
            "pvsid":null,
            "nickname":"",
            "id":405073,
            "cspanid":null
         },
         "state":"",
         "senator_rank":null,
         "role_type":"president",
         "senator_class":null,
         "party":"Republican",
         "id":19417,
         "leadership_title":null
      },
      {
         "website":"",
         "startdate":"1889-03-04",
         "role_type_label":"President",
         "enddate":"1893-03-04",
         "description":"President",
         "district":null,
         "phone":null,
         "title":"President",
         "congress_numbers":null,
         "title_long":"President",
         "current":false,
         "person":{
            "name":"President Benjamin Harrison [R, 1889-1893]",
            "firstname":"Benjamin",
            "twitterid":null,
            "middlename":"",
            "gender":"male",
            "bioguideid":"H000263",
            "namemod":"",
            "birthday":"1833-08-20",
            "link":"https://www.govtrack.us/congress/members/benjamin_harrison/405139",
            "youtubeid":null,
            "sortname":"Harrison, Benjamin (President) [R, 1889-1893]",
            "lastname":"Harrison",
            "gender_label":"Male",
            "osid":null,
            "pvsid":null,
            "nickname":"",
            "id":405139,
            "cspanid":null
         },
         "state":"",
         "senator_rank":null,
         "role_type":"president",
         "senator_class":null,
         "party":"Republican",
         "id":19617,
         "leadership_title":null
      },
      {
         "website":"",
         "startdate":"1841-03-04",
         "role_type_label":"President",
         "enddate":"1841-04-04",
         "description":"President",
         "district":null,
         "phone":null,
         "title":"President",
         "congress_numbers":[
            27
         ],
         "title_long":"President",
         "current":false,
         "person":{
            "name":"President William Harrison [W, 1841-1841]",
            "firstname":"William",
            "twitterid":null,
            "middlename":"Henry",
            "gender":"male",
            "bioguideid":"H000279",
            "namemod":"",
            "birthday":"1773-02-09",
            "link":"https://www.govtrack.us/congress/members/william_harrison/405153",
            "youtubeid":null,
            "sortname":"Harrison, William (President) [W, 1841-1841]",
            "lastname":"Harrison",
            "gender_label":"Male",
            "osid":null,
            "pvsid":null,
            "nickname":"",
            "id":405153,
            "cspanid":null
         },
         "state":"",
         "senator_rank":null,
         "role_type":"president",
         "senator_class":null,
         "party":"Whig",
         "id":19666,
         "leadership_title":null
      },
      {
         "website":"",
         "startdate":"1877-03-04",
         "role_type_label":"President",
         "enddate":"1881-03-04",
         "description":"President",
         "district":null,
         "phone":null,
         "title":"President",
         "congress_numbers":null,
         "title_long":"President",
         "current":false,
         "person":{
            "name":"President Rutherford Hayes [R, 1877-1881]",
            "firstname":"Rutherford",
            "twitterid":null,
            "middlename":"Birchard",
            "gender":null,
            "bioguideid":"H000393",
            "namemod":"",
            "birthday":"1822-10-04",
            "link":"https://www.govtrack.us/congress/members/rutherford_hayes/405261",
            "youtubeid":null,
            "sortname":"Hayes, Rutherford (President) [R, 1877-1881]",
            "lastname":"Hayes",
            "osid":null,
            "pvsid":null,
            "nickname":"",
            "id":405261,
            "cspanid":null
         },
         "state":"",
         "senator_rank":null,
         "role_type":"president",
         "senator_class":null,
         "party":"Republican",
         "id":20019,
         "leadership_title":null
      },
      {
         "website":"",
         "startdate":"1829-03-04",
         "role_type_label":"President",
         "enddate":"1833-03-04",
         "description":"President",
         "district":null,
         "phone":null,
         "title":"President",
         "congress_numbers":null,
         "title_long":"President",
         "current":false,
         "person":{
            "name":"President Andrew Jackson [D, 1829-1837]",
            "firstname":"Andrew",
            "twitterid":null,
            "middlename":"",
            "gender":"male",
            "bioguideid":"J000005",
            "namemod":"",
            "birthday":"1767-03-15",
            "link":"https://www.govtrack.us/congress/members/andrew_jackson/405913",
            "youtubeid":null,
            "sortname":"Jackson, Andrew (President) [D, 1829-1837]",
            "lastname":"Jackson",
            "gender_label":"Male",
            "osid":null,
            "pvsid":null,
            "nickname":"",
            "id":405913,
            "cspanid":null
         },
         "state":"",
         "senator_rank":null,
         "role_type":"president",
         "senator_class":null,
         "party":"Democratic",
         "id":21964,
         "leadership_title":null
      },
      {
         "website":"",
         "startdate":"1801-03-04",
         "role_type_label":"President",
         "enddate":"1805-03-04",
         "description":"President",
         "district":null,
         "phone":null,
         "title":"President",
         "congress_numbers":null,
         "title_long":"President",
         "current":false,
         "person":{
            "name":"President Thomas Jefferson [D, 1801-1809]",
            "firstname":"Thomas",
            "twitterid":null,
            "middlename":"",
            "gender":"male",
            "bioguideid":"J000069",
            "namemod":"",
            "birthday":"1743-04-13",
            "link":"https://www.govtrack.us/congress/members/thomas_jefferson/405974",
            "youtubeid":null,
            "sortname":"Jefferson, Thomas (President) [D, 1801-1809]",
            "lastname":"Jefferson",
            "gender_label":"Male",
            "osid":null,
            "pvsid":null,
            "nickname":"",
            "id":405974,
            "cspanid":null
         },
         "state":"",
         "senator_rank":null,
         "role_type":"president",
         "senator_class":null,
         "party":"Democratic-Republican",
         "id":22150,
         "leadership_title":null
      },
      {
         "website":"",
         "startdate":"1865-04-15",
         "role_type_label":"President",
         "enddate":"1869-03-04",
         "description":"President",
         "district":null,
         "phone":null,
         "title":"President",
         "congress_numbers":null,
         "title_long":"President",
         "current":false,
         "person":{
            "name":"Sen. Andrew Johnson [D-TN, 1875-1875]",
            "firstname":"Andrew",
            "twitterid":null,
            "middlename":"",
            "gender":"male",
            "bioguideid":"J000116",
            "namemod":"",
            "birthday":"1808-12-29",
            "link":"https://www.govtrack.us/congress/members/andrew_johnson/406017",
            "youtubeid":null,
            "sortname":"Johnson, Andrew (Sen.) [D-TN, 1875-1875]",
            "lastname":"Johnson",
            "gender_label":"Male",
            "osid":null,
            "pvsid":null,
            "nickname":"",
            "id":406017,
            "cspanid":null
         },
         "state":"",
         "senator_rank":null,
         "role_type":"president",
         "senator_class":null,
         "party":"Democratic",
         "id":22306,
         "leadership_title":null
      },
      {
         "website":"",
         "startdate":"1963-11-22",
         "role_type_label":"President",
         "enddate":"1965-01-20",
         "description":"President",
         "district":null,
         "phone":null,
         "title":"President",
         "congress_numbers":[
            88,
            89
         ],
         "title_long":"President",
         "current":false,
         "person":{
            "name":"President Lyndon Johnson [D, 1963-1969]",
            "firstname":"Lyndon",
            "twitterid":null,
            "middlename":"Baines",
            "gender":null,
            "bioguideid":"J000160",
            "namemod":"",
            "birthday":"1908-08-27",
            "link":"https://www.govtrack.us/congress/members/lyndon_johnson/406058",
            "youtubeid":null,
            "sortname":"Johnson, Lyndon (President) [D, 1963-1969]",
            "lastname":"Johnson",
            "osid":null,
            "pvsid":null,
            "nickname":"",
            "id":406058,
            "cspanid":null
         },
         "state":"",
         "senator_rank":null,
         "role_type":"president",
         "senator_class":null,
         "party":"Democratic",
         "id":22459,
         "leadership_title":null
      },
      {
         "website":"",
         "startdate":"1961-01-20",
         "role_type_label":"President",
         "enddate":"1963-11-22",
         "description":"President",
         "district":null,
         "phone":null,
         "title":"President",
         "congress_numbers":[
            87,
            88
         ],
         "title_long":"President",
         "current":false,
         "person":{
            "name":"President John Kennedy [D, 1961-1963]",
            "firstname":"John",
            "twitterid":null,
            "middlename":"Fitzgerald",
            "gender":"male",
            "bioguideid":"K000107",
            "namemod":"",
            "birthday":"1917-05-29",
            "link":"https://www.govtrack.us/congress/members/john_kennedy/406274",
            "youtubeid":null,
            "sortname":"Kennedy, John (President) [D, 1961-1963]",
            "lastname":"Kennedy",
            "gender_label":"Male",
            "osid":null,
            "pvsid":null,
            "nickname":"",
            "id":406274,
            "cspanid":null
         },
         "state":"",
         "senator_rank":null,
         "role_type":"president",
         "senator_class":null,
         "party":"Democratic",
         "id":23230,
         "leadership_title":null
      },
      {
         "website":"",
         "startdate":"1861-03-04",
         "role_type_label":"President",
         "enddate":"1865-03-04",
         "description":"President",
         "district":null,
         "phone":null,
         "title":"President",
         "congress_numbers":null,
         "title_long":"President",
         "current":false,
         "person":{
            "name":"President Abraham Lincoln [R, 1861-1865]",
            "firstname":"Abraham",
            "twitterid":null,
            "middlename":"",
            "gender":"male",
            "bioguideid":"L000313",
            "namemod":"",
            "birthday":"1809-02-12",
            "link":"https://www.govtrack.us/congress/members/abraham_lincoln/406807",
            "youtubeid":null,
            "sortname":"Lincoln, Abraham (President) [R, 1861-1865]",
            "lastname":"Lincoln",
            "gender_label":"Male",
            "osid":null,
            "pvsid":null,
            "nickname":"",
            "id":406807,
            "cspanid":null
         },
         "state":"",
         "senator_rank":null,
         "role_type":"president",
         "senator_class":null,
         "party":"Republican",
         "id":24898,
         "leadership_title":null
      },
      {
         "website":"",
         "startdate":"1809-03-04",
         "role_type_label":"President",
         "enddate":"1813-03-04",
         "description":"President",
         "district":null,
         "phone":null,
         "title":"President",
         "congress_numbers":null,
         "title_long":"President",
         "current":false,
         "person":{
            "name":"President James Madison [D, 1809-1817]",
            "firstname":"James",
            "twitterid":null,
            "middlename":"",
            "gender":"male",
            "bioguideid":"M000043",
            "namemod":"",
            "birthday":"1751-03-16",
            "link":"https://www.govtrack.us/congress/members/james_madison/407071",
            "youtubeid":null,
            "sortname":"Madison, James (President) [D, 1809-1817]",
            "lastname":"Madison",
            "gender_label":"Male",
            "osid":null,
            "pvsid":null,
            "nickname":"",
            "id":407071,
            "cspanid":null
         },
         "state":"",
         "senator_rank":null,
         "role_type":"president",
         "senator_class":null,
         "party":"Democratic-Republican",
         "id":25718,
         "leadership_title":null
      },
      {
         "website":"",
         "startdate":"1965-01-20",
         "role_type_label":"President",
         "enddate":"1969-01-20",
         "description":"President",
         "district":null,
         "phone":null,
         "title":"President",
         "congress_numbers":[
            89,
            90,
            91
         ],
         "title_long":"President",
         "current":false,
         "person":{
            "name":"President Lyndon Johnson [D, 1963-1969]",
            "firstname":"Lyndon",
            "twitterid":null,
            "middlename":"Baines",
            "gender":null,
            "bioguideid":"J000160",
            "namemod":"",
            "birthday":"1908-08-27",
            "link":"https://www.govtrack.us/congress/members/lyndon_johnson/406058",
            "youtubeid":null,
            "sortname":"Johnson, Lyndon (President) [D, 1963-1969]",
            "lastname":"Johnson",
            "osid":null,
            "pvsid":null,
            "nickname":"",
            "id":406058,
            "cspanid":null
         },
         "state":"",
         "senator_rank":null,
         "role_type":"president",
         "senator_class":null,
         "party":"Democratic",
         "id":43173,
         "leadership_title":null
      },
      {
         "website":"",
         "startdate":"1897-03-04",
         "role_type_label":"President",
         "enddate":"1901-03-04",
         "description":"President",
         "district":null,
         "phone":null,
         "title":"President",
         "congress_numbers":null,
         "title_long":"President",
         "current":false,
         "person":{
            "name":"President William McKinley [R, 1897-1901]",
            "firstname":"William",
            "twitterid":null,
            "middlename":"",
            "gender":"male",
            "bioguideid":"M000522",
            "namemod":"Jr.",
            "birthday":"1843-01-29",
            "link":"https://www.govtrack.us/congress/members/william_mckinley/407515",
            "youtubeid":null,
            "sortname":"McKinley, William (President) [R, 1897-1901]",
            "lastname":"McKinley",
            "gender_label":"Male",
            "osid":null,
            "pvsid":null,
            "nickname":"",
            "id":407515,
            "cspanid":null
         },
         "state":"",
         "senator_rank":null,
         "role_type":"president",
         "senator_class":null,
         "party":"Republican",
         "id":27132,
         "leadership_title":null
      },
      {
         "website":"",
         "startdate":"1817-03-04",
         "role_type_label":"President",
         "enddate":"1821-03-05",
         "description":"President",
         "district":null,
         "phone":null,
         "title":"President",
         "congress_numbers":null,
         "title_long":"President",
         "current":false,
         "person":{
            "name":"President James Monroe [D, 1817-1825]",
            "firstname":"James",
            "twitterid":null,
            "middlename":"",
            "gender":"male",
            "bioguideid":"M000858",
            "namemod":"",
            "birthday":"1758-04-28",
            "link":"https://www.govtrack.us/congress/members/james_monroe/407829",
            "youtubeid":null,
            "sortname":"Monroe, James (President) [D, 1817-1825]",
            "lastname":"Monroe",
            "gender_label":"Male",
            "osid":null,
            "pvsid":null,
            "nickname":"",
            "id":407829,
            "cspanid":null
         },
         "state":"",
         "senator_rank":null,
         "role_type":"president",
         "senator_class":null,
         "party":"Democratic-Republican",
         "id":28114,
         "leadership_title":null
      },
      {
         "website":"",
         "startdate":"1969-01-20",
         "role_type_label":"President",
         "enddate":"1973-01-20",
         "description":"President",
         "district":null,
         "phone":null,
         "title":"President",
         "congress_numbers":[
            91,
            92,
            93
         ],
         "title_long":"President",
         "current":false,
         "person":{
            "name":"President Richard Nixon [R, 1969-1974]",
            "firstname":"Richard",
            "twitterid":null,
            "middlename":"Milhous",
            "gender":"male",
            "bioguideid":"N000116",
            "namemod":"",
            "birthday":"1913-01-09",
            "link":"https://www.govtrack.us/congress/members/richard_nixon/408200",
            "youtubeid":null,
            "sortname":"Nixon, Richard (President) [R, 1969-1974]",
            "lastname":"Nixon",
            "gender_label":"Male",
            "osid":null,
            "pvsid":null,
            "nickname":"",
            "id":408200,
            "cspanid":null
         },
         "state":"",
         "senator_rank":null,
         "role_type":"president",
         "senator_class":null,
         "party":"Republican",
         "id":29339,
         "leadership_title":null
      },
      {
         "website":"",
         "startdate":"1853-03-04",
         "role_type_label":"President",
         "enddate":"1857-03-04",
         "description":"President",
         "district":null,
         "phone":null,
         "title":"President",
         "congress_numbers":null,
         "title_long":"President",
         "current":false,
         "person":{
            "name":"President Franklin Pierce [D, 1853-1857]",
            "firstname":"Franklin",
            "twitterid":null,
            "middlename":"",
            "gender":"male",
            "bioguideid":"P000333",
            "namemod":"",
            "birthday":"1804-11-23",
            "link":"https://www.govtrack.us/congress/members/franklin_pierce/408730",
            "youtubeid":null,
            "sortname":"Pierce, Franklin (President) [D, 1853-1857]",
            "lastname":"Pierce",
            "gender_label":"Male",
            "osid":null,
            "pvsid":null,
            "nickname":"",
            "id":408730,
            "cspanid":null
         },
         "state":"",
         "senator_rank":null,
         "role_type":"president",
         "senator_class":null,
         "party":"Democratic",
         "id":30929,
         "leadership_title":null
      },
      {
         "website":"",
         "startdate":"1845-03-04",
         "role_type_label":"President",
         "enddate":"1849-03-04",
         "description":"President",
         "district":null,
         "phone":null,
         "title":"President",
         "congress_numbers":null,
         "title_long":"President",
         "current":false,
         "person":{
            "name":"President James Polk [D, 1845-1849]",
            "firstname":"James",
            "twitterid":null,
            "middlename":"Knox",
            "gender":"male",
            "bioguideid":"P000409",
            "namemod":"",
            "birthday":"1795-11-02",
            "link":"https://www.govtrack.us/congress/members/james_polk/408802",
            "youtubeid":null,
            "sortname":"Polk, James (President) [D, 1845-1849]",
            "lastname":"Polk",
            "gender_label":"Male",
            "osid":null,
            "pvsid":null,
            "nickname":"",
            "id":408802,
            "cspanid":null
         },
         "state":"",
         "senator_rank":null,
         "role_type":"president",
         "senator_class":null,
         "party":"Democratic",
         "id":31173,
         "leadership_title":null
      },
      {
         "website":"",
         "startdate":"1901-09-14",
         "role_type_label":"President",
         "enddate":"1905-03-04",
         "description":"President",
         "district":null,
         "phone":null,
         "title":"President",
         "congress_numbers":null,
         "title_long":"President",
         "current":false,
         "person":{
            "name":"President Theodore Roosevelt [R, 1901-1909]",
            "firstname":"Theodore",
            "twitterid":null,
            "middlename":"",
            "gender":"male",
            "bioguideid":"R000429",
            "namemod":"",
            "birthday":"1858-10-27",
            "link":"https://www.govtrack.us/congress/members/theodore_roosevelt/409394",
            "youtubeid":null,
            "sortname":"Roosevelt, Theodore (President) [R, 1901-1909]",
            "lastname":"Roosevelt",
            "gender_label":"Male",
            "osid":null,
            "pvsid":null,
            "nickname":"",
            "id":409394,
            "cspanid":null
         },
         "state":"",
         "senator_rank":null,
         "role_type":"president",
         "senator_class":null,
         "party":"Republican",
         "id":33167,
         "leadership_title":null
      },
      {
         "website":"",
         "startdate":"1945-04-12",
         "role_type_label":"President",
         "enddate":"1949-01-20",
         "description":"President",
         "district":null,
         "phone":null,
         "title":"President",
         "congress_numbers":[
            79,
            80,
            81
         ],
         "title_long":"President",
         "current":false,
         "person":{
            "name":"President Harry Truman [D, 1945-1953]",
            "firstname":"Harry",
            "twitterid":null,
            "middlename":"S.",
            "gender":"male",
            "bioguideid":"T000387",
            "namemod":"",
            "birthday":"1884-05-08",
            "link":"https://www.govtrack.us/congress/members/harry_truman/410956",
            "youtubeid":null,
            "sortname":"Truman, Harry (President) [D, 1945-1953]",
            "lastname":"Truman",
            "gender_label":"Male",
            "osid":null,
            "pvsid":null,
            "nickname":"",
            "id":410956,
            "cspanid":null
         },
         "state":"",
         "senator_rank":null,
         "role_type":"president",
         "senator_class":null,
         "party":"Democratic",
         "id":38123,
         "leadership_title":null
      },
      {
         "website":"",
         "startdate":"1841-04-04",
         "role_type_label":"President",
         "enddate":"1845-03-04",
         "description":"President",
         "district":null,
         "phone":null,
         "title":"President",
         "congress_numbers":null,
         "title_long":"President",
         "current":false,
         "person":{
            "name":"President John Tyler [W, 1841-1845]",
            "firstname":"John",
            "twitterid":null,
            "middlename":"",
            "gender":"male",
            "bioguideid":"T000450",
            "namemod":"",
            "birthday":"1790-03-29",
            "link":"https://www.govtrack.us/congress/members/john_tyler/411018",
            "youtubeid":null,
            "sortname":"Tyler, John (President) [W, 1841-1845]",
            "lastname":"Tyler",
            "gender_label":"Male",
            "osid":null,
            "pvsid":null,
            "nickname":"",
            "id":411018,
            "cspanid":null
         },
         "state":"",
         "senator_rank":null,
         "role_type":"president",
         "senator_class":null,
         "party":"Whig",
         "id":38281,
         "leadership_title":null
      },
      {
         "website":"",
         "startdate":"1837-03-04",
         "role_type_label":"President",
         "enddate":"1841-03-04",
         "description":"President",
         "district":null,
         "phone":null,
         "title":"President",
         "congress_numbers":null,
         "title_long":"President",
         "current":false,
         "person":{
            "name":"President Martin Van Buren [D, 1837-1841]",
            "firstname":"Martin",
            "twitterid":null,
            "middlename":"",
            "gender":"male",
            "bioguideid":"V000009",
            "namemod":"",
            "birthday":"1782-12-05",
            "link":"https://www.govtrack.us/congress/members/martin_van_buren/411074",
            "youtubeid":null,
            "sortname":"Van Buren, Martin (President) [D, 1837-1841]",
            "lastname":"Van Buren",
            "gender_label":"Male",
            "osid":null,
            "pvsid":null,
            "nickname":"",
            "id":411074,
            "cspanid":null
         },
         "state":"",
         "senator_rank":null,
         "role_type":"president",
         "senator_class":null,
         "party":"Democratic",
         "id":38455,
         "leadership_title":null
      },
      {
         "website":"",
         "startdate":"1789-04-30",
         "role_type_label":"President",
         "enddate":"1793-03-04",
         "description":"President",
         "district":null,
         "phone":null,
         "title":"President",
         "congress_numbers":null,
         "title_long":"President",
         "current":false,
         "person":{
            "name":"President George Washington [n, 1789-1797]",
            "firstname":"George",
            "twitterid":null,
            "middlename":"",
            "gender":"male",
            "bioguideid":"W000178",
            "namemod":"",
            "birthday":"1732-02-22",
            "link":"https://www.govtrack.us/congress/members/george_washington/411351",
            "youtubeid":null,
            "sortname":"Washington, George (President) [n, 1789-1797]",
            "lastname":"Washington",
            "gender_label":"Male",
            "osid":null,
            "pvsid":null,
            "nickname":"",
            "id":411351,
            "cspanid":null
         },
         "state":"",
         "senator_rank":null,
         "role_type":"president",
         "senator_class":null,
         "party":"no party",
         "id":39279,
         "leadership_title":null
      },
      {
         "website":"",
         "startdate":"1869-03-04",
         "role_type_label":"President",
         "enddate":"1873-03-04",
         "description":"President",
         "district":null,
         "phone":null,
         "title":"President",
         "congress_numbers":null,
         "title_long":"President",
         "current":false,
         "person":{
            "name":"President Ulysses Grant [R, 1869-1877]",
            "firstname":"Ulysses",
            "twitterid":null,
            "middlename":"Simpson",
            "gender":"male",
            "bioguideid":null,
            "namemod":"",
            "birthday":"1822-04-27",
            "link":"https://www.govtrack.us/congress/members/ulysses_grant/412350",
            "youtubeid":null,
            "sortname":"Grant, Ulysses (President) [R, 1869-1877]",
            "lastname":"Grant",
            "gender_label":"Male",
            "osid":null,
            "pvsid":null,
            "nickname":"",
            "id":412350,
            "cspanid":null
         },
         "state":"",
         "senator_rank":null,
         "role_type":"president",
         "senator_class":null,
         "party":"Republican",
         "id":41920,
         "leadership_title":null
      },
      {
         "website":"",
         "startdate":"1953-01-20",
         "role_type_label":"President",
         "enddate":"1957-01-20",
         "description":"President",
         "district":null,
         "phone":null,
         "title":"President",
         "congress_numbers":[
            83,
            84,
            85
         ],
         "title_long":"President",
         "current":false,
         "person":{
            "name":"President Dwight Eisenhower [R, 1953-1961]",
            "firstname":"Dwight",
            "twitterid":null,
            "middlename":"David",
            "gender":"male",
            "bioguideid":null,
            "namemod":"",
            "birthday":null,
            "link":"https://www.govtrack.us/congress/members/dwight_eisenhower/412366",
            "youtubeid":null,
            "sortname":"Eisenhower, Dwight (President) [R, 1953-1961]",
            "lastname":"Eisenhower",
            "gender_label":"Male",
            "osid":null,
            "pvsid":null,
            "nickname":"",
            "id":412366,
            "cspanid":null
         },
         "state":"",
         "senator_rank":null,
         "role_type":"president",
         "senator_class":null,
         "party":"Republican",
         "id":41921,
         "leadership_title":null
      },
      {
         "website":"",
         "startdate":"1929-03-04",
         "role_type_label":"President",
         "enddate":"1933-03-04",
         "description":"President",
         "district":null,
         "phone":null,
         "title":"President",
         "congress_numbers":null,
         "title_long":"President",
         "current":false,
         "person":{
            "name":"President Herbert Hoover [R, 1929-1933]",
            "firstname":"Herbert",
            "twitterid":null,
            "middlename":"Clark",
            "gender":"male",
            "bioguideid":null,
            "namemod":"",
            "birthday":null,
            "link":"https://www.govtrack.us/congress/members/herbert_hoover/412363",
            "youtubeid":null,
            "sortname":"Hoover, Herbert (President) [R, 1929-1933]",
            "lastname":"Hoover",
            "gender_label":"Male",
            "osid":null,
            "pvsid":null,
            "nickname":"",
            "id":412363,
            "cspanid":null
         },
         "state":"",
         "senator_rank":null,
         "role_type":"president",
         "senator_class":null,
         "party":"Republican",
         "id":41922,
         "leadership_title":null
      },
      {
         "website":"",
         "startdate":"1981-01-20",
         "role_type_label":"President",
         "enddate":"1985-01-20",
         "description":"President",
         "district":null,
         "phone":null,
         "title":"President",
         "congress_numbers":[
            97,
            98,
            99
         ],
         "title_long":"President",
         "current":false,
         "person":{
            "name":"President Ronald Reagan [R, 1981-1989]",
            "firstname":"Ronald",
            "twitterid":null,
            "middlename":"Wilson",
            "gender":"male",
            "bioguideid":null,
            "namemod":"",
            "birthday":"1911-02-06",
            "link":"https://www.govtrack.us/congress/members/ronald_reagan/412372",
            "youtubeid":null,
            "sortname":"Reagan, Ronald (President) [R, 1981-1989]",
            "lastname":"Reagan",
            "gender_label":"Male",
            "osid":null,
            "pvsid":null,
            "nickname":"",
            "id":412372,
            "cspanid":null
         },
         "state":"",
         "senator_rank":null,
         "role_type":"president",
         "senator_class":null,
         "party":"Republican",
         "id":41923,
         "leadership_title":null
      },
      {
         "website":"",
         "startdate":"1913-03-04",
         "role_type_label":"President",
         "enddate":"1917-03-04",
         "description":"President",
         "district":null,
         "phone":null,
         "title":"President",
         "congress_numbers":null,
         "title_long":"President",
         "current":false,
         "person":{
            "name":"President Woodrow Wilson [D, 1913-1921]",
            "firstname":"Woodrow",
            "twitterid":null,
            "middlename":"",
            "gender":"male",
            "bioguideid":null,
            "namemod":"",
            "birthday":"1856-12-28",
            "link":"https://www.govtrack.us/congress/members/woodrow_wilson/412360",
            "youtubeid":null,
            "sortname":"Wilson, Woodrow (President) [D, 1913-1921]",
            "lastname":"Wilson",
            "gender_label":"Male",
            "osid":null,
            "pvsid":null,
            "nickname":"",
            "id":412360,
            "cspanid":null
         },
         "state":"",
         "senator_rank":null,
         "role_type":"president",
         "senator_class":null,
         "party":"Democratic",
         "id":41924,
         "leadership_title":null
      },
      {
         "website":"",
         "startdate":"1849-03-04",
         "role_type_label":"President",
         "enddate":"1850-07-09",
         "description":"President",
         "district":null,
         "phone":null,
         "title":"President",
         "congress_numbers":null,
         "title_long":"President",
         "current":false,
         "person":{
            "name":"President Zachary Taylor [W, 1849-1850]",
            "firstname":"Zachary",
            "twitterid":null,
            "middlename":"",
            "gender":"male",
            "bioguideid":null,
            "namemod":"",
            "birthday":"1784-11-24",
            "link":"https://www.govtrack.us/congress/members/zachary_taylor/412344",
            "youtubeid":null,
            "sortname":"Taylor, Zachary (President) [W, 1849-1850]",
            "lastname":"Taylor",
            "gender_label":"Male",
            "osid":null,
            "pvsid":null,
            "nickname":"",
            "id":412344,
            "cspanid":null
         },
         "state":"",
         "senator_rank":null,
         "role_type":"president",
         "senator_class":null,
         "party":"Whig",
         "id":41925,
         "leadership_title":null
      },
      {
         "website":"",
         "startdate":"1909-03-04",
         "role_type_label":"President",
         "enddate":"1913-03-04",
         "description":"President",
         "district":null,
         "phone":null,
         "title":"President",
         "congress_numbers":null,
         "title_long":"President",
         "current":false,
         "person":{
            "name":"President William Taft [R, 1909-1913]",
            "firstname":"William",
            "twitterid":null,
            "middlename":"Howard",
            "gender":"male",
            "bioguideid":null,
            "namemod":"",
            "birthday":"1857-09-15",
            "link":"https://www.govtrack.us/congress/members/william_taft/412359",
            "youtubeid":null,
            "sortname":"Taft, William (President) [R, 1909-1913]",
            "lastname":"Taft",
            "gender_label":"Male",
            "osid":null,
            "pvsid":null,
            "nickname":"",
            "id":412359,
            "cspanid":null
         },
         "state":"",
         "senator_rank":null,
         "role_type":"president",
         "senator_class":null,
         "party":"Republican",
         "id":41926,
         "leadership_title":null
      },
      {
         "website":"",
         "startdate":"2001-01-20",
         "role_type_label":"President",
         "enddate":"2005-01-20",
         "description":"President",
         "district":null,
         "phone":null,
         "title":"President",
         "congress_numbers":[
            107,
            108,
            109
         ],
         "title_long":"President",
         "current":false,
         "person":{
            "name":"President George Bush [R, 2001-2009]",
            "firstname":"George",
            "twitterid":null,
            "middlename":"Walker",
            "gender":"male",
            "bioguideid":null,
            "namemod":"",
            "birthday":"1946-07-06",
            "link":"https://www.govtrack.us/congress/members/george_bush/412375",
            "youtubeid":null,
            "sortname":"Bush, George (President) [R, 2001-2009]",
            "lastname":"Bush",
            "gender_label":"Male",
            "osid":null,
            "pvsid":null,
            "nickname":"",
            "id":412375,
            "cspanid":null
         },
         "state":"",
         "senator_rank":null,
         "role_type":"president",
         "senator_class":null,
         "party":"Republican",
         "id":41927,
         "leadership_title":null
      },
      {
         "website":"",
         "startdate":"1885-03-04",
         "role_type_label":"President",
         "enddate":"1889-03-04",
         "description":"President",
         "district":null,
         "phone":null,
         "title":"President",
         "congress_numbers":null,
         "title_long":"President",
         "current":false,
         "person":{
            "name":"President Grover Cleveland [D, 1893-1897]",
            "firstname":"Grover",
            "twitterid":null,
            "middlename":"",
            "gender":"male",
            "bioguideid":null,
            "namemod":"",
            "birthday":"1837-03-18",
            "link":"https://www.govtrack.us/congress/members/grover_cleveland/412354",
            "youtubeid":null,
            "sortname":"Cleveland, Grover (President) [D, 1893-1897]",
            "lastname":"Cleveland",
            "gender_label":"Male",
            "osid":null,
            "pvsid":null,
            "nickname":"",
            "id":412354,
            "cspanid":null
         },
         "state":"",
         "senator_rank":null,
         "role_type":"president",
         "senator_class":null,
         "party":"Democratic",
         "id":41928,
         "leadership_title":null
      },
      {
         "website":"",
         "startdate":"1893-03-04",
         "role_type_label":"President",
         "enddate":"1897-03-04",
         "description":"President",
         "district":null,
         "phone":null,
         "title":"President",
         "congress_numbers":null,
         "title_long":"President",
         "current":false,
         "person":{
            "name":"President Grover Cleveland [D, 1893-1897]",
            "firstname":"Grover",
            "twitterid":null,
            "middlename":"",
            "gender":"male",
            "bioguideid":null,
            "namemod":"",
            "birthday":"1837-03-18",
            "link":"https://www.govtrack.us/congress/members/grover_cleveland/412354",
            "youtubeid":null,
            "sortname":"Cleveland, Grover (President) [D, 1893-1897]",
            "lastname":"Cleveland",
            "gender_label":"Male",
            "osid":null,
            "pvsid":null,
            "nickname":"",
            "id":412354,
            "cspanid":null
         },
         "state":"",
         "senator_rank":null,
         "role_type":"president",
         "senator_class":null,
         "party":"Democratic",
         "id":41929,
         "leadership_title":null
      },
      {
         "website":"",
         "startdate":"1993-01-20",
         "role_type_label":"President",
         "enddate":"1997-01-20",
         "description":"President",
         "district":null,
         "phone":null,
         "title":"President",
         "congress_numbers":[
            103,
            104,
            105
         ],
         "title_long":"President",
         "current":false,
         "person":{
            "name":"President William \u201cBill\u201d Clinton [D, 1993-2001]",
            "firstname":"William",
            "twitterid":null,
            "middlename":"Jefferson",
            "gender":"male",
            "bioguideid":null,
            "namemod":"",
            "birthday":"1946-08-19",
            "link":"https://www.govtrack.us/congress/members/william_clinton/412374",
            "youtubeid":null,
            "sortname":"Clinton, William \u201cBill\u201d (President) [D, 1993-2001]",
            "lastname":"Clinton",
            "gender_label":"Male",
            "osid":null,
            "pvsid":null,
            "nickname":"Bill",
            "id":412374,
            "cspanid":null
         },
         "state":"",
         "senator_rank":null,
         "role_type":"president",
         "senator_class":null,
         "party":"Democrat",
         "id":41930,
         "leadership_title":null
      },
      {
         "website":"",
         "startdate":"1977-01-20",
         "role_type_label":"President",
         "enddate":"1981-01-20",
         "description":"President",
         "district":null,
         "phone":null,
         "title":"President",
         "congress_numbers":[
            95,
            96,
            97
         ],
         "title_long":"President",
         "current":false,
         "person":{
            "name":"President James \u201cJimmy\u201d Carter [D, 1977-1981]",
            "firstname":"James",
            "twitterid":null,
            "middlename":"Earl",
            "gender":"male",
            "bioguideid":null,
            "namemod":"",
            "birthday":"1924-10-01",
            "link":"https://www.govtrack.us/congress/members/james_carter/412371",
            "youtubeid":null,
            "sortname":"Carter, James \u201cJimmy\u201d (President) [D, 1977-1981]",
            "lastname":"Carter",
            "gender_label":"Male",
            "osid":null,
            "pvsid":null,
            "nickname":"Jimmy",
            "id":412371,
            "cspanid":null
         },
         "state":"",
         "senator_rank":null,
         "role_type":"president",
         "senator_class":null,
         "party":"Democratic",
         "id":41931,
         "leadership_title":null
      },
      {
         "website":"",
         "startdate":"1933-03-04",
         "role_type_label":"President",
         "enddate":"1937-01-20",
         "description":"President",
         "district":null,
         "phone":null,
         "title":"President",
         "congress_numbers":[
            73,
            74,
            75
         ],
         "title_long":"President",
         "current":false,
         "person":{
            "name":"President Franklin Roosevelt [D, 1933-1945]",
            "firstname":"Franklin",
            "twitterid":null,
            "middlename":"Delano",
            "gender":"male",
            "bioguideid":null,
            "namemod":"",
            "birthday":"1882-01-30",
            "link":"https://www.govtrack.us/congress/members/franklin_roosevelt/412364",
            "youtubeid":null,
            "sortname":"Roosevelt, Franklin (President) [D, 1933-1945]",
            "lastname":"Roosevelt",
            "gender_label":"Male",
            "osid":null,
            "pvsid":null,
            "nickname":"",
            "id":412364,
            "cspanid":null
         },
         "state":"",
         "senator_rank":null,
         "role_type":"president",
         "senator_class":null,
         "party":"Democratic",
         "id":41932,
         "leadership_title":null
      },
      {
         "website":"",
         "startdate":"2013-01-20",
         "role_type_label":"President",
         "enddate":"2017-01-20",
         "description":"President",
         "district":null,
         "phone":null,
         "title":"President",
         "congress_numbers":[
            113,
            114,
            115
         ],
         "title_long":"President",
         "current":true,
         "person":{
            "name":"President Barack Obama [D]",
            "firstname":"Barack",
            "twitterid":null,
            "middlename":"",
            "gender":"male",
            "bioguideid":"O000167",
            "namemod":"",
            "birthday":"1961-08-04",
            "link":"https://www.govtrack.us/congress/members/barack_obama/400629",
            "youtubeid":null,
            "sortname":"Obama, Barack (President) [D]",
            "lastname":"Obama",
            "gender_label":"Male",
            "osid":"N00009638",
            "pvsid":"9490",
            "nickname":"",
            "id":400629,
            "cspanid":null
         },
         "state":"",
         "senator_rank":null,
         "role_type":"president",
         "senator_class":null,
         "party":"Democrat",
         "id":43155,
         "leadership_title":null
      },
      {
         "website":"",
         "startdate":"1833-03-04",
         "role_type_label":"President",
         "enddate":"1837-03-04",
         "description":"President",
         "district":null,
         "phone":null,
         "title":"President",
         "congress_numbers":null,
         "title_long":"President",
         "current":false,
         "person":{
            "name":"President Andrew Jackson [D, 1829-1837]",
            "firstname":"Andrew",
            "twitterid":null,
            "middlename":"",
            "gender":"male",
            "bioguideid":"J000005",
            "namemod":"",
            "birthday":"1767-03-15",
            "link":"https://www.govtrack.us/congress/members/andrew_jackson/405913",
            "youtubeid":null,
            "sortname":"Jackson, Andrew (President) [D, 1829-1837]",
            "lastname":"Jackson",
            "gender_label":"Male",
            "osid":null,
            "pvsid":null,
            "nickname":"",
            "id":405913,
            "cspanid":null
         },
         "state":"",
         "senator_rank":null,
         "role_type":"president",
         "senator_class":null,
         "party":"Democratic",
         "id":43156,
         "leadership_title":null
      },
      {
         "website":"",
         "startdate":"1805-03-04",
         "role_type_label":"President",
         "enddate":"1809-03-04",
         "description":"President",
         "district":null,
         "phone":null,
         "title":"President",
         "congress_numbers":null,
         "title_long":"President",
         "current":false,
         "person":{
            "name":"President Thomas Jefferson [D, 1801-1809]",
            "firstname":"Thomas",
            "twitterid":null,
            "middlename":"",
            "gender":"male",
            "bioguideid":"J000069",
            "namemod":"",
            "birthday":"1743-04-13",
            "link":"https://www.govtrack.us/congress/members/thomas_jefferson/405974",
            "youtubeid":null,
            "sortname":"Jefferson, Thomas (President) [D, 1801-1809]",
            "lastname":"Jefferson",
            "gender_label":"Male",
            "osid":null,
            "pvsid":null,
            "nickname":"",
            "id":405974,
            "cspanid":null
         },
         "state":"",
         "senator_rank":null,
         "role_type":"president",
         "senator_class":null,
         "party":"Democratic-Republican",
         "id":43157,
         "leadership_title":null
      },
      {
         "website":"",
         "startdate":"1813-03-04",
         "role_type_label":"President",
         "enddate":"1817-03-04",
         "description":"President",
         "district":null,
         "phone":null,
         "title":"President",
         "congress_numbers":null,
         "title_long":"President",
         "current":false,
         "person":{
            "name":"President James Madison [D, 1809-1817]",
            "firstname":"James",
            "twitterid":null,
            "middlename":"",
            "gender":"male",
            "bioguideid":"M000043",
            "namemod":"",
            "birthday":"1751-03-16",
            "link":"https://www.govtrack.us/congress/members/james_madison/407071",
            "youtubeid":null,
            "sortname":"Madison, James (President) [D, 1809-1817]",
            "lastname":"Madison",
            "gender_label":"Male",
            "osid":null,
            "pvsid":null,
            "nickname":"",
            "id":407071,
            "cspanid":null
         },
         "state":"",
         "senator_rank":null,
         "role_type":"president",
         "senator_class":null,
         "party":"Democratic-Republican",
         "id":43158,
         "leadership_title":null
      },
      {
         "website":"",
         "startdate":"1821-03-05",
         "role_type_label":"President",
         "enddate":"1825-03-04",
         "description":"President",
         "district":null,
         "phone":null,
         "title":"President",
         "congress_numbers":null,
         "title_long":"President",
         "current":false,
         "person":{
            "name":"President James Monroe [D, 1817-1825]",
            "firstname":"James",
            "twitterid":null,
            "middlename":"",
            "gender":"male",
            "bioguideid":"M000858",
            "namemod":"",
            "birthday":"1758-04-28",
            "link":"https://www.govtrack.us/congress/members/james_monroe/407829",
            "youtubeid":null,
            "sortname":"Monroe, James (President) [D, 1817-1825]",
            "lastname":"Monroe",
            "gender_label":"Male",
            "osid":null,
            "pvsid":null,
            "nickname":"",
            "id":407829,
            "cspanid":null
         },
         "state":"",
         "senator_rank":null,
         "role_type":"president",
         "senator_class":null,
         "party":"Democratic-Republican",
         "id":43159,
         "leadership_title":null
      },
      {
         "website":"",
         "startdate":"1973-01-20",
         "role_type_label":"President",
         "enddate":"1974-08-09",
         "description":"President",
         "district":null,
         "phone":null,
         "title":"President",
         "congress_numbers":[
            93
         ],
         "title_long":"President",
         "current":false,
         "person":{
            "name":"President Richard Nixon [R, 1969-1974]",
            "firstname":"Richard",
            "twitterid":null,
            "middlename":"Milhous",
            "gender":"male",
            "bioguideid":"N000116",
            "namemod":"",
            "birthday":"1913-01-09",
            "link":"https://www.govtrack.us/congress/members/richard_nixon/408200",
            "youtubeid":null,
            "sortname":"Nixon, Richard (President) [R, 1969-1974]",
            "lastname":"Nixon",
            "gender_label":"Male",
            "osid":null,
            "pvsid":null,
            "nickname":"",
            "id":408200,
            "cspanid":null
         },
         "state":"",
         "senator_rank":null,
         "role_type":"president",
         "senator_class":null,
         "party":"Republican",
         "id":43160,
         "leadership_title":null
      },
      {
         "website":"",
         "startdate":"1905-03-04",
         "role_type_label":"President",
         "enddate":"1909-03-04",
         "description":"President",
         "district":null,
         "phone":null,
         "title":"President",
         "congress_numbers":null,
         "title_long":"President",
         "current":false,
         "person":{
            "name":"President Theodore Roosevelt [R, 1901-1909]",
            "firstname":"Theodore",
            "twitterid":null,
            "middlename":"",
            "gender":"male",
            "bioguideid":"R000429",
            "namemod":"",
            "birthday":"1858-10-27",
            "link":"https://www.govtrack.us/congress/members/theodore_roosevelt/409394",
            "youtubeid":null,
            "sortname":"Roosevelt, Theodore (President) [R, 1901-1909]",
            "lastname":"Roosevelt",
            "gender_label":"Male",
            "osid":null,
            "pvsid":null,
            "nickname":"",
            "id":409394,
            "cspanid":null
         },
         "state":"",
         "senator_rank":null,
         "role_type":"president",
         "senator_class":null,
         "party":"Republican",
         "id":43161,
         "leadership_title":null
      },
      {
         "website":"",
         "startdate":"1949-01-20",
         "role_type_label":"President",
         "enddate":"1953-01-20",
         "description":"President",
         "district":null,
         "phone":null,
         "title":"President",
         "congress_numbers":[
            81,
            82,
            83
         ],
         "title_long":"President",
         "current":false,
         "person":{
            "name":"President Harry Truman [D, 1945-1953]",
            "firstname":"Harry",
            "twitterid":null,
            "middlename":"S.",
            "gender":"male",
            "bioguideid":"T000387",
            "namemod":"",
            "birthday":"1884-05-08",
            "link":"https://www.govtrack.us/congress/members/harry_truman/410956",
            "youtubeid":null,
            "sortname":"Truman, Harry (President) [D, 1945-1953]",
            "lastname":"Truman",
            "gender_label":"Male",
            "osid":null,
            "pvsid":null,
            "nickname":"",
            "id":410956,
            "cspanid":null
         },
         "state":"",
         "senator_rank":null,
         "role_type":"president",
         "senator_class":null,
         "party":"Democratic",
         "id":43162,
         "leadership_title":null
      },
      {
         "website":"",
         "startdate":"1793-03-04",
         "role_type_label":"President",
         "enddate":"1797-03-04",
         "description":"President",
         "district":null,
         "phone":null,
         "title":"President",
         "congress_numbers":null,
         "title_long":"President",
         "current":false,
         "person":{
            "name":"President George Washington [n, 1789-1797]",
            "firstname":"George",
            "twitterid":null,
            "middlename":"",
            "gender":"male",
            "bioguideid":"W000178",
            "namemod":"",
            "birthday":"1732-02-22",
            "link":"https://www.govtrack.us/congress/members/george_washington/411351",
            "youtubeid":null,
            "sortname":"Washington, George (President) [n, 1789-1797]",
            "lastname":"Washington",
            "gender_label":"Male",
            "osid":null,
            "pvsid":null,
            "nickname":"",
            "id":411351,
            "cspanid":null
         },
         "state":"",
         "senator_rank":null,
         "role_type":"president",
         "senator_class":null,
         "party":"no party",
         "id":43163,
         "leadership_title":null
      },
      {
         "website":"",
         "startdate":"1873-03-04",
         "role_type_label":"President",
         "enddate":"1877-03-04",
         "description":"President",
         "district":null,
         "phone":null,
         "title":"President",
         "congress_numbers":null,
         "title_long":"President",
         "current":false,
         "person":{
            "name":"President Ulysses Grant [R, 1869-1877]",
            "firstname":"Ulysses",
            "twitterid":null,
            "middlename":"Simpson",
            "gender":"male",
            "bioguideid":null,
            "namemod":"",
            "birthday":"1822-04-27",
            "link":"https://www.govtrack.us/congress/members/ulysses_grant/412350",
            "youtubeid":null,
            "sortname":"Grant, Ulysses (President) [R, 1869-1877]",
            "lastname":"Grant",
            "gender_label":"Male",
            "osid":null,
            "pvsid":null,
            "nickname":"",
            "id":412350,
            "cspanid":null
         },
         "state":"",
         "senator_rank":null,
         "role_type":"president",
         "senator_class":null,
         "party":"Republican",
         "id":43164,
         "leadership_title":null
      },
      {
         "website":"",
         "startdate":"1917-03-04",
         "role_type_label":"President",
         "enddate":"1921-03-04",
         "description":"President",
         "district":null,
         "phone":null,
         "title":"President",
         "congress_numbers":null,
         "title_long":"President",
         "current":false,
         "person":{
            "name":"President Woodrow Wilson [D, 1913-1921]",
            "firstname":"Woodrow",
            "twitterid":null,
            "middlename":"",
            "gender":"male",
            "bioguideid":null,
            "namemod":"",
            "birthday":"1856-12-28",
            "link":"https://www.govtrack.us/congress/members/woodrow_wilson/412360",
            "youtubeid":null,
            "sortname":"Wilson, Woodrow (President) [D, 1913-1921]",
            "lastname":"Wilson",
            "gender_label":"Male",
            "osid":null,
            "pvsid":null,
            "nickname":"",
            "id":412360,
            "cspanid":null
         },
         "state":"",
         "senator_rank":null,
         "role_type":"president",
         "senator_class":null,
         "party":"Democratic",
         "id":43165,
         "leadership_title":null
      },
      {
         "website":"",
         "startdate":"1937-01-20",
         "role_type_label":"President",
         "enddate":"1941-01-20",
         "description":"President",
         "district":null,
         "phone":null,
         "title":"President",
         "congress_numbers":[
            75,
            76,
            77
         ],
         "title_long":"President",
         "current":false,
         "person":{
            "name":"President Franklin Roosevelt [D, 1933-1945]",
            "firstname":"Franklin",
            "twitterid":null,
            "middlename":"Delano",
            "gender":"male",
            "bioguideid":null,
            "namemod":"",
            "birthday":"1882-01-30",
            "link":"https://www.govtrack.us/congress/members/franklin_roosevelt/412364",
            "youtubeid":null,
            "sortname":"Roosevelt, Franklin (President) [D, 1933-1945]",
            "lastname":"Roosevelt",
            "gender_label":"Male",
            "osid":null,
            "pvsid":null,
            "nickname":"",
            "id":412364,
            "cspanid":null
         },
         "state":"",
         "senator_rank":null,
         "role_type":"president",
         "senator_class":null,
         "party":"Democratic",
         "id":43166,
         "leadership_title":null
      },
      {
         "website":"",
         "startdate":"1941-01-20",
         "role_type_label":"President",
         "enddate":"1945-01-20",
         "description":"President",
         "district":null,
         "phone":null,
         "title":"President",
         "congress_numbers":[
            77,
            78,
            79
         ],
         "title_long":"President",
         "current":false,
         "person":{
            "name":"President Franklin Roosevelt [D, 1933-1945]",
            "firstname":"Franklin",
            "twitterid":null,
            "middlename":"Delano",
            "gender":"male",
            "bioguideid":null,
            "namemod":"",
            "birthday":"1882-01-30",
            "link":"https://www.govtrack.us/congress/members/franklin_roosevelt/412364",
            "youtubeid":null,
            "sortname":"Roosevelt, Franklin (President) [D, 1933-1945]",
            "lastname":"Roosevelt",
            "gender_label":"Male",
            "osid":null,
            "pvsid":null,
            "nickname":"",
            "id":412364,
            "cspanid":null
         },
         "state":"",
         "senator_rank":null,
         "role_type":"president",
         "senator_class":null,
         "party":"Democratic",
         "id":43167,
         "leadership_title":null
      },
      {
         "website":"",
         "startdate":"1957-01-20",
         "role_type_label":"President",
         "enddate":"1961-01-20",
         "description":"President",
         "district":null,
         "phone":null,
         "title":"President",
         "congress_numbers":[
            85,
            86,
            87
         ],
         "title_long":"President",
         "current":false,
         "person":{
            "name":"President Dwight Eisenhower [R, 1953-1961]",
            "firstname":"Dwight",
            "twitterid":null,
            "middlename":"David",
            "gender":"male",
            "bioguideid":null,
            "namemod":"",
            "birthday":null,
            "link":"https://www.govtrack.us/congress/members/dwight_eisenhower/412366",
            "youtubeid":null,
            "sortname":"Eisenhower, Dwight (President) [R, 1953-1961]",
            "lastname":"Eisenhower",
            "gender_label":"Male",
            "osid":null,
            "pvsid":null,
            "nickname":"",
            "id":412366,
            "cspanid":null
         },
         "state":"",
         "senator_rank":null,
         "role_type":"president",
         "senator_class":null,
         "party":"Republican",
         "id":43168,
         "leadership_title":null
      },
      {
         "website":"",
         "startdate":"1985-01-20",
         "role_type_label":"President",
         "enddate":"1989-01-20",
         "description":"President",
         "district":null,
         "phone":null,
         "title":"President",
         "congress_numbers":[
            99,
            100,
            101
         ],
         "title_long":"President",
         "current":false,
         "person":{
            "name":"President Ronald Reagan [R, 1981-1989]",
            "firstname":"Ronald",
            "twitterid":null,
            "middlename":"Wilson",
            "gender":"male",
            "bioguideid":null,
            "namemod":"",
            "birthday":"1911-02-06",
            "link":"https://www.govtrack.us/congress/members/ronald_reagan/412372",
            "youtubeid":null,
            "sortname":"Reagan, Ronald (President) [R, 1981-1989]",
            "lastname":"Reagan",
            "gender_label":"Male",
            "osid":null,
            "pvsid":null,
            "nickname":"",
            "id":412372,
            "cspanid":null
         },
         "state":"",
         "senator_rank":null,
         "role_type":"president",
         "senator_class":null,
         "party":"Republican",
         "id":43169,
         "leadership_title":null
      },
      {
         "website":"",
         "startdate":"1997-01-20",
         "role_type_label":"President",
         "enddate":"2001-01-20",
         "description":"President",
         "district":null,
         "phone":null,
         "title":"President",
         "congress_numbers":[
            105,
            106,
            107
         ],
         "title_long":"President",
         "current":false,
         "person":{
            "name":"President William \u201cBill\u201d Clinton [D, 1993-2001]",
            "firstname":"William",
            "twitterid":null,
            "middlename":"Jefferson",
            "gender":"male",
            "bioguideid":null,
            "namemod":"",
            "birthday":"1946-08-19",
            "link":"https://www.govtrack.us/congress/members/william_clinton/412374",
            "youtubeid":null,
            "sortname":"Clinton, William \u201cBill\u201d (President) [D, 1993-2001]",
            "lastname":"Clinton",
            "gender_label":"Male",
            "osid":null,
            "pvsid":null,
            "nickname":"Bill",
            "id":412374,
            "cspanid":null
         },
         "state":"",
         "senator_rank":null,
         "role_type":"president",
         "senator_class":null,
         "party":"Democrat",
         "id":43170,
         "leadership_title":null
      },
      {
         "website":"",
         "startdate":"2005-01-20",
         "role_type_label":"President",
         "enddate":"2009-01-20",
         "description":"President",
         "district":null,
         "phone":null,
         "title":"President",
         "congress_numbers":[
            109,
            110,
            111
         ],
         "title_long":"President",
         "current":false,
         "person":{
            "name":"President George Bush [R, 2001-2009]",
            "firstname":"George",
            "twitterid":null,
            "middlename":"Walker",
            "gender":"male",
            "bioguideid":null,
            "namemod":"",
            "birthday":"1946-07-06",
            "link":"https://www.govtrack.us/congress/members/george_bush/412375",
            "youtubeid":null,
            "sortname":"Bush, George (President) [R, 2001-2009]",
            "lastname":"Bush",
            "gender_label":"Male",
            "osid":null,
            "pvsid":null,
            "nickname":"",
            "id":412375,
            "cspanid":null
         },
         "state":"",
         "senator_rank":null,
         "role_type":"president",
         "senator_class":null,
         "party":"Republican",
         "id":43171,
         "leadership_title":null
      },
      {
         "website":"",
         "startdate":"1865-03-04",
         "role_type_label":"President",
         "enddate":"1865-04-15",
         "description":"President",
         "district":null,
         "phone":null,
         "title":"President",
         "congress_numbers":[
            39
         ],
         "title_long":"President",
         "current":false,
         "person":{
            "name":"President Abraham Lincoln [R, 1861-1865]",
            "firstname":"Abraham",
            "twitterid":null,
            "middlename":"",
            "gender":"male",
            "bioguideid":"L000313",
            "namemod":"",
            "birthday":"1809-02-12",
            "link":"https://www.govtrack.us/congress/members/abraham_lincoln/406807",
            "youtubeid":null,
            "sortname":"Lincoln, Abraham (President) [R, 1861-1865]",
            "lastname":"Lincoln",
            "gender_label":"Male",
            "osid":null,
            "pvsid":null,
            "nickname":"",
            "id":406807,
            "cspanid":null
         },
         "state":"",
         "senator_rank":null,
         "role_type":"president",
         "senator_class":null,
         "party":"Republican",
         "id":43174,
         "leadership_title":null
      },
      {
         "website":"",
         "startdate":"1901-03-04",
         "role_type_label":"President",
         "enddate":"1901-09-14",
         "description":"President",
         "district":null,
         "phone":null,
         "title":"President",
         "congress_numbers":[
            57
         ],
         "title_long":"President",
         "current":false,
         "person":{
            "name":"President William McKinley [R, 1897-1901]",
            "firstname":"William",
            "twitterid":null,
            "middlename":"",
            "gender":"male",
            "bioguideid":"M000522",
            "namemod":"Jr.",
            "birthday":"1843-01-29",
            "link":"https://www.govtrack.us/congress/members/william_mckinley/407515",
            "youtubeid":null,
            "sortname":"McKinley, William (President) [R, 1897-1901]",
            "lastname":"McKinley",
            "gender_label":"Male",
            "osid":null,
            "pvsid":null,
            "nickname":"",
            "id":407515,
            "cspanid":null
         },
         "state":"",
         "senator_rank":null,
         "role_type":"president",
         "senator_class":null,
         "party":"Republican",
         "id":43175,
         "leadership_title":null
      },
      {
         "website":"",
         "startdate":"1945-01-20",
         "role_type_label":"President",
         "enddate":"1945-04-12",
         "description":"President",
         "district":null,
         "phone":null,
         "title":"President",
         "congress_numbers":[
            79
         ],
         "title_long":"President",
         "current":false,
         "person":{
            "name":"President Franklin Roosevelt [D, 1933-1945]",
            "firstname":"Franklin",
            "twitterid":null,
            "middlename":"Delano",
            "gender":"male",
            "bioguideid":null,
            "namemod":"",
            "birthday":"1882-01-30",
            "link":"https://www.govtrack.us/congress/members/franklin_roosevelt/412364",
            "youtubeid":null,
            "sortname":"Roosevelt, Franklin (President) [D, 1933-1945]",
            "lastname":"Roosevelt",
            "gender_label":"Male",
            "osid":null,
            "pvsid":null,
            "nickname":"",
            "id":412364,
            "cspanid":null
         },
         "state":"",
         "senator_rank":null,
         "role_type":"president",
         "senator_class":null,
         "party":"Democratic",
         "id":43176,
         "leadership_title":null
      },
      {
         "website":"",
         "startdate":"1925-03-04",
         "role_type_label":"President",
         "enddate":"1929-03-04",
         "description":"President",
         "district":null,
         "phone":null,
         "title":"President",
         "congress_numbers":null,
         "title_long":"President",
         "current":false,
         "person":{
            "name":"President Calvin Coolidge [R, 1923-1929]",
            "firstname":"Calvin",
            "twitterid":null,
            "middlename":"",
            "gender":"male",
            "bioguideid":"C000738",
            "namemod":"",
            "birthday":"1872-07-04",
            "link":"https://www.govtrack.us/congress/members/calvin_coolidge/402859",
            "youtubeid":null,
            "sortname":"Coolidge, Calvin (President) [R, 1923-1929]",
            "lastname":"Coolidge",
            "gender_label":"Male",
            "osid":null,
            "pvsid":null,
            "nickname":"",
            "id":402859,
            "cspanid":null
         },
         "state":"",
         "senator_rank":null,
         "role_type":"president",
         "senator_class":null,
         "party":"Republican",
         "id":43177,
         "leadership_title":null
      }
   ]
}