{
    "description": "List of Crayola crayon standard colors",
    "colors": [
        {
            "color": "Almond",
            "hex": "#EFDECD"
        },
        {
            "color": "Antique Brass",
            "hex": "#CD9575"
        },
        {
            "color": "Apricot",
            "hex": "#FDD9B5"
        },
        {
            "color": "Aquamarine",
            "hex": "#78DBE2"
        },
        {
            "color": "Asparagus",
            "hex": "#87A96B"
        },
        {
            "color": "Atomic Tangerine",
            "hex": "#FFA474"
        },
        {
            "color": "Banana Mania",
            "hex": "#FAE7B5"
        },
        {
            "color": "Beaver",
            "hex": "#9F8170"
        },
        {
            "color": "Bittersweet",
            "hex": "#FD7C6E"
        },
        {
            "color": "Black",
            "hex": "#000000"
        },
        {
            "color": "Blue",
            "hex": "#1F75FE"
        },
        {
            "color": "Blue Bell",
            "hex": "#A2A2D0"
        },
        {
            "color": "Blue Green",
            "hex": "#0D98BA"
        },
        {
            "color": "Blue Violet",
            "hex": "#7366BD"
        },
        {
            "color": "Blush",
            "hex": "#DE5D83"
        },
        {
            "color": "Brick Red",
            "hex": "#CB4154"
        },
        {
            "color": "Brown",
            "hex": "#B4674D"
        },
        {
            "color": "Burnt Orange",
            "hex": "#FF7F49"
        },
        {
            "color": "Burnt Sienna",
            "hex": "#EA7E5D"
        },
        {
            "color": "Cadet Blue",
            "hex": "#B0B7C6"
        },
        {
            "color": "Canary",
            "hex": "#FFFF99"
        },
        {
            "color": "Caribbean Green",
            "hex": "#00CC99"
        },
        {
            "color": "Carnation Pink",
            "hex": "#FFAACC"
        },
        {
            "color": "Cerise",
            "hex": "#DD4492"
        },
        {
            "color": "Cerulean",
            "hex": "#1DACD6"
        },
        {
            "color": "Chestnut",
            "hex": "#BC5D58"
        },
        {
            "color": "Copper",
            "hex": "#DD9475"
        },
        {
            "color": "Cornflower",
            "hex": "#9ACEEB"
        },
        {
            "color": "Cotton Candy",
            "hex": "#FFBCD9"
        },
        {
            "color": "Dandelion",
            "hex": "#FDDB6D"
        },
        {
            "color": "Denim",
            "hex": "#2B6CC4"
        },
        {
            "color": "Desert Sand",
            "hex": "#EFCDB8"
        },
        {
            "color": "Eggplant",
            "hex": "#6E5160"
        },
        {
            "color": "Electric Lime",
            "hex": "#CEFF1D"
        },
        {
            "color": "Fern",
            "hex": "#71BC78"
        },
        {
            "color": "Forest Green",
            "hex": "#6DAE81"
        },
        {
            "color": "Fuchsia",
            "hex": "#C364C5"
        },
        {
            "color": "Fuzzy Wuzzy",
            "hex": "#CC6666"
        },
        {
            "color": "Gold",
            "hex": "#E7C697"
        },
        {
            "color": "Goldenrod",
            "hex": "#FCD975"
        },
        {
            "color": "Granny Smith Apple",
            "hex": "#A8E4A0"
        },
        {
            "color": "Gray",
            "hex": "#95918C"
        },
        {
            "color": "Green",
            "hex": "#1CAC78"
        },
        {
            "color": "Green Yellow",
            "hex": "#F0E891"
        },
        {
            "color": "Hot Magenta",
            "hex": "#FF1DCE"
        },
        {
            "color": "Inchworm",
            "hex": "#B2EC5D"
        },
        {
            "color": "Indigo",
            "hex": "#5D76CB"
        },
        {
            "color": "Jazzberry Jam",
            "hex": "#CA3767"
        },
        {
            "color": "Jungle Green",
            "hex": "#3BB08F"
        },
        {
            "color": "Laser Lemon",
            "hex": "#FEFE22"
        },
        {
            "color": "Lavender",
            "hex": "#FCB4D5"
        },
        {
            "color": "Macaroni and Cheese",
            "hex": "#FFBD88"
        },
        {
            "color": "Magenta",
            "hex": "#F664AF"
        },
        {
            "color": "Mahogany",
            "hex": "#CD4A4C"
        },
        {
            "color": "Manatee",
            "hex": "#979AAA"
        },
        {
            "color": "Mango Tango",
            "hex": "#FF8243"
        },
        {
            "color": "Maroon",
            "hex": "#C8385A"
        },
        {
            "color": "Mauvelous",
            "hex": "#EF98AA"
        },
        {
            "color": "Melon",
            "hex": "#FDBCB4"
        },
        {
            "color": "Midnight Blue",
            "hex": "#1A4876"
        },
        {
            "color": "Mountain Meadow",
            "hex": "#30BA8F"
        },
        {
            "color": "Navy Blue",
            "hex": "#1974D2"
        },
        {
            "color": "Neon Carrot",
            "hex": "#FFA343"
        },
        {
            "color": "Olive Green",
            "hex": "#BAB86C"
        },
        {
            "color": "Orange",
            "hex": "#FF7538"
        },
        {
            "color": "Orchid",
            "hex": "#E6A8D7"
        },
        {
            "color": "Outer Space",
            "hex": "#414A4C"
        },
        {
            "color": "Outrageous Orange",
            "hex": "#FF6E4A"
        },
        {
            "color": "Pacific Blue",
            "hex": "#1CA9C9"
        },
        {
            "color": "Peach",
            "hex": "#FFCFAB"
        },
        {
            "color": "Periwinkle",
            "hex": "#C5D0E6"
        },
        {
            "color": "Piggy Pink",
            "hex": "#FDDDE6"
        },
        {
            "color": "Pine Green",
            "hex": "#158078"
        },
        {
            "color": "Pink Flamingo",
            "hex": "#FC74FD"
        },
        {
            "color": "Pink Sherbert",
            "hex": "#F78FA7"
        },
        {
            "color": "Plum",
            "hex": "#8E4585"
        },
        {
            "color": "Purple Heart",
            "hex": "#7442C8"
        },
        {
            "color": "Purple Mountain's Majesty",
            "hex": "#9D81BA"
        },
        {
            "color": "Purple Pizzazz",
            "hex": "#FE4EDA"
        },
        {
            "color": "Radical Red",
            "hex": "#FF496C"
        },
        {
            "color": "Raw Sienna",
            "hex": "#D68A59"
        },
        {
            "color": "Razzle Dazzle Rose",
            "hex": "#FF48D0"
        },
        {
            "color": "Razzmatazz",
            "hex": "#E3256B"
        },
        {
            "color": "Red",
            "hex": "#EE204D"
        },
        {
            "color": "Red Orange",
            "hex": "#FF5349"
        },
        {
            "color": "Red Violet",
            "hex": "#C0448F"
        },
        {
            "color": "Robin's Egg Blue",
            "hex": "#1FCECB"
        },
        {
            "color": "Royal Purple",
            "hex": "#7851A9"
        },
        {
            "color": "Salmon",
            "hex": "#FF9BAA"
        },
        {
            "color": "Scarlet",
            "hex": "#FC2847"
        },
        {
            "color": "Screamin' Green",
            "hex": "#76FF7A"
        },
        {
            "color": "Sea Green",
            "hex": "#93DFB8"
        },
        {
            "color": "Sepia",
            "hex": "#A5694F"
        },
        {
            "color": "Shadow",
            "hex": "#8A795D"
        },
        {
            "color": "Shamrock",
            "hex": "#45CEA2"
        },
        {
            "color": "Shocking Pink",
            "hex": "#FB7EFD"
        },
        {
            "color": "Silver",
            "hex": "#CDC5C2"
        },
        {
            "color": "Sky Blue",
            "hex": "#80DAEB"
        },
        {
            "color": "Spring Green",
            "hex": "#ECEABE"
        },
        {
            "color": "Sunglow",
            "hex": "#FFCF48"
        },
        {
            "color": "Sunset Orange",
            "hex": "#FD5E53"
        },
        {
            "color": "Tan",
            "hex": "#FAA76C"
        },
        {
            "color": "Tickle Me Pink",
            "hex": "#FC89AC"
        },
        {
            "color": "Timberwolf",
            "hex": "#DBD7D2"
        },
        {
            "color": "Tropical Rain Forest",
            "hex": "#17806D"
        },
        {
            "color": "Tumbleweed",
            "hex": "#DEAA88"
        },
        {
            "color": "Turquoise Blue",
            "hex": "#77DDE7"
        },
        {
            "color": "Unmellow Yellow",
            "hex": "#FFFF66"
        },
        {
            "color": "Violet",
            "hex": "#926EAE"
        },
        {
            "color": "Violet Red",
            "hex": "#F75394"
        },
        {
            "color": "Vivid Tangerine",
            "hex": "#FFA089"
        },
        {
            "color": "Vivid Violet",
            "hex": "#8F509D"
        },
        {
            "color": "White",
            "hex": "#FFFFFF"
        },
        {
            "color": "Wild Blue Yonder",
            "hex": "#A2ADD0"
        },
        {
            "color": "Wild Strawberry",
            "hex": "#FF43A4"
        },
        {
            "color": "Wild Watermelon",
            "hex": "#FC6C85"
        },
        {
            "color": "Wisteria",
            "hex": "#CDA4DE"
        },
        {
            "color": "Yellow",
            "hex": "#FCE883"
        },
        {
            "color": "Yellow Green",
            "hex": "#C5E384"
        },
        {
            "color": "Yellow Orange",
            "hex": "#FFAE42"
        }
    ]
}
