{
	"Abrahamic": {
		"Bám": [
			"Azali"
		],
		"Bahá'í Faith": [
			"Bahá'ís Under the Provisions of the Covenant",
			"Orthodox Bahá'í Faith"
		],
		"Christianity": {
			"Western Christianity": [
				"Anabaptists",
				"Anglicanism",
				"Baptists",
				"Calvinism",
				"Congregational churches",
				"Lutheranism",
				"Members Church of God International",
				"Methodism",
				"Moravians",
				"Nonconformism",
				"Pentecostalism",
				"Pietism",
				"Presbyterianism",
				"Quakerism",
				"Shakers",
				"Waldensians"
			],
			"Eastern Christianity": {
				"Ancient Church of the East": {},
				"Assyrian Church of the East": {},
				"Eastern Catholics": {},
				"Eastern Orthodox Church": [
					"Greek Orthodox",
					"Serbian Orthodox",
					"Russian Orthodox",
					"Romanian Orthodox",
					"Bulgarian Orthodox"
				],
				"Russian Orthodox Old Believers": {},
				"Eastern Orthodox Old Calendarists": {},
				"Oriental Orthodox": [
					"Armenian Orthodox",
					"Coptic Orthodox",
					"Ethiopian Orthodox",
					"Syriac Orthodox"
				]
			},
			"Other": [
				"Arianism",
				"Christadelphians",
				"Christian Gnosticism",
				"Christian Identity",
				"Christian Science",
				"Christian Universalism",
				"The Church of Jesus Christ of Latter-day Saints",
				"Iglesia ni Cristo",
				"Ebionites",
				"Jehovah's Witnesses",
				"Jesuism",
				"Latter Day Saint movement",
				"Millerites",
				"Nontrinitarianism",
				"Messianic Judaism",
				"Marcionism",
				"Rastafarianism",
				"Seventh-day Adventist Church",
				"Spiritual Baptists",
				"Swedenborgianism",
				"The Aquarian Church",
				"Unification Church",
				"Unitarianism",
				"Universal Church of the Kingdom of God"
			]
		},
		"Gnosticism": {
			"Persian Gnosticism": [
				"Mandaeism",
				"Manichaeism",
				"Bagnolians"
			],
			"Syrian-Egyptic Gnosticism": [
				"Sethianism",
				"Basilideans",
				"Valentinianism",
				"Bardaisan"
			],
			"Neo-Gnostic Groups": [
				"Ecclesia Gnostica"
			]
		},
		"Islam": {
			"Kalam Schools": [
				"Ash'ari",
				"Maturidi",
				"Murji'ah",
				"Mu'tazila"
			],
			"Kharijite": [
				"Ibadi",
				"Azraqi",
				"Haruriyyah",
				"Sufri"
			],
			"Shia Islam": [
				"Isma'ilism",
				"Mustaali / Dawoodi Bohra",
				"Nizari",
				"Ja'fari jurisprudence",
				"Twelver",
				"Akhbari",
				"Shaykhism",
				"Usuli",
				"Alawites",
				"Alevism / Bektashi Order",
				"Zaidiyyah"
			],
			"Sufism": [
				"Bektashi Order",
				"Chishti Order",
				"Mevlevi Order",
				"Mujaddidiyah",
				"Naqshbandi",
				"Jahriyya",
				"Khufiyya",
				"Ni'matullāhī",
				"Tariqa",
				"Qadiriyya",
				"Sufi Order International",
				"Sufism Reoriented",
				"Suhrawardiyya",
				"Tijaniyyah",
				"Universal Sufism",
				"Dances of Universal Peace"
			],
			"Sunni Islam": [
				"Hanafi",
				"Barelvi",
				"Deobandi",
				"Gedimu",
				"Yihewani",
				"Xidaotang",
				"Hanbali",
				"Maliki",
				"Shafi'i"
			],
			"Restorationism": [
				"Ahl al-Hadith",
				"Salafi movement",
				"Wahhabism",
				"Muwahhidism",
				"Ghair Muqallidism"
			],
			"Quranism": [
				"Quranism",
				"Tolu-e-Islam",
				"United Submitters International"
			],
			"Black Muslims": [
				"American Society of Muslims",
				"Five-Percent Nation",
				"Moorish Orthodox Church of America",
				"Moorish Science Temple of America",
				"Nation of Islam",
				"United Nation of Islam"
			],
			"Ahmadiyya": [
				"Ahmadiyya Muslim Community",
				"Lahore Ahmadiyya Movement for the Propagation of Islam"
			],
			"Other Islamic groups": [
				"Yarsanism",
				"Al-Fatiha Foundation",
				"Canadian Muslim Union",
				"European Islam",
				"Ittifaq al-Muslimin",
				"Jamaat al Muslimeen",
				"Jadid",
				"Liberal movements within Islam",
				"Muslim Canadian Congress",
				"Riaz Ahmed Gohar Shahi",
				"Messiah Foundation International",
				"Progressive British Muslims",
				"Progressive Muslim Union",
				"Mahdaviav"
			],
			"Sufi and Shia Sects": [
				"Alevism",
				"Bektashi Order",
				"Moorish Orthodox Church of America"
			]
		},
		"Druze": {},
		"Judaism and related religions": {
			"Rabbinic Judaism": [
				"Orthodox Judaism",
				"Haredi Judaism",
				"Hasidic Judaism",
				"Modern Orthodox Judaism",
				"Conservative Judaism",
				"Masorti",
				"Conservadox Judaism",
				"Union for Traditional Judaism",
				"Reform Judaism",
				"Progressive Judaism",
				"Liberal Judaism"
			],
			"Karaite Judaism": {},
			"Samaritanism": {},
			"Falasha or Beta Israel": {},
			"Modern Non-Rabbinic Judaism": [
				"Alternative Judaism",
				"Humanistic Judaism",
				"Jewish Renewal",
				"Reconstructionist Judaism"
			],
			"Historical groups": [
				"Second Temple Judaism",
				"Essenes",
				"Pharisees (ancestor of Rabbinic Judaism)",
				"Sadducees (possible ancestor of Karaite Judaism)",
				"Zealots (Judea)s",
				"Sicarii",
				"Sects that believed Jesus was a prophet",
				"Ebionites",
				"Elcesaites",
				"Nazarenes",
				"Sabbateans",
				"Frankism"
			]
		},
		"Black Hebrew Israelites": {},
		"Rastafari movement": {},
		"Mandaeans and Sabians": [
			"Mandaeism",
			"Sabians",
			"Mandaean Nasaraean Sabeans",
			"Sabians of Harran"
		],
		"Shabakism": {}
	},
	"Indian": {
		"Ayyavazhi": {},
		"Bhakti movement": [
			"Kabir panth",
			"Ravidassia religion",
			"Sant Mat"
		],
		"Buddhism": {
			"Nikaya": {
				"Theravada": [
					"Sri Lankan Amarapura Nikaya",
					"Sri Lankan Siam Nikaya",
					"Sri Lankan Ramañña Nikaya",
					"Bangladeshi Sangharaj Nikaya",
					"Bangladeshi Mahasthabir Nikaya",
					"Burmese Thudhamma Nikaya",
					"Vipassana tradition of Mahasi Sayadaw and disciples",
					"Burmese Shwegyin Nikaya",
					"Burmese Dwara Nikaya",
					"Thai Maha Nikaya",
					"Dhammakaya Movement",
					"Thai Dhammayuttika Nikaya",
					"Thai Forest Tradition",
					"Tradition of Ajahn Chah"
				],
				"Vipassana": {}
			},
			"Mahayana": {
				"Humanistic Buddhism": {},
				"Madhyamaka": [
					"Prasaṅgika",
					"Svatantrika",
					"East Asian Mādhyamaka (Three Treatise school)",
					"Jonang"
				],
				"Nichiren Buddhism": [
					"Nichiren Shū",
					"Nichiren Shōshū",
					"Soka Gakkai"
				],
				"Pure Land Buddhism": [
					"Jōdo-shū",
					"Jōdo Shinshū"
				],
				"Buddha-nature": [
					"Daśabhūmikā (absorbed into Huayan)",
					"Huayan school (Avataṃsaka)",
					"Hwaeom",
					"Kegon"
				],
				"Tiantai": [
					"Tendai",
					"Cheontae"
				],
				"Yogācāra": [
					"East Asian Yogācāra"
				],
				"Chan Buddhism": {
					"Caodong school": {},
					"Zen": [
						"Sōtō",
						"Keizan line",
						"Jakuen line",
						"Giin line"
					],
					"Linji school": [
						"Rinzai school",
						"Ōbaku",
						"Fuke-shū",
						"Won Buddhism"
					],
					"Kwan Um School of Zen": {},
					"Sanbo Kyodan": {}
				}
			},
			"Vajrayana": {
				"Shingon Buddhism": {},
				"Tibetan Buddhism": {
					"Bon": {},
					"Gelug": {},
					"Kagyu": [
						"Dagpo Kagyu",
						"Karma Kagyu",
						"Barom Kagyu",
						"Drukpa Lineage",
						"Shangpa Kagyu"
					],
					"Nyingma": {},
					"Sakya": [
						"Jonang"
					]
				}
			},
			"New Buddhist Movements": [
				"Shambhala Buddhism",
				"Diamond Way Buddhism",
				"Triratna Buddhist Community",
				"New Kadampa Tradition",
				"Share International",
				"True Buddha School",
				"Nipponzan-Myōhōji-Daisanga",
				"The Osho or Rajneesh movement"
			]
		},
		"Din-e Ilahi": {},
		"Hinduism": {
			"Swaminarayan": {},
			"Shrauta": {},
			"Lingayatism": {},
			"Shaivism": {},
			"Shaktism": {},
			"Tantrism": [
				"Ananda Marga"
			],
			"Smartism": {},
			"Vaishnavism": [
				"Gaudiya Vaishnavism",
				"International Society for Krishna Consciousness"
			],
			"Hindu reform movements": [
				"Arya Samaj",
				"Brahmo Samaj",
				"Ramakrishna Mission",
				"Satya Dharma",
				"Satsang of Thakur Anukulchandra",
				"Matua Mahasangha",
				"Hinduism in Indonesia"
			]
		},
		"Major schools and movements of Hindu philosophy": {
			"Nyaya": {},
			"Purva mimamsa": {},
			"Samkhya": {},
			"Vaisheshika": {},
			"Vedanta (Uttara Mimamsa)": [
				"Advaita Vedanta",
				"Integral Yoga",
				"Vishishtadvaita",
				"Dvaita Vedanta"
			],
			"Yoga": [
				"Ashtanga Yoga",
				"Bhakti Yoga",
				"Raja yoga",
				"Karma yoga",
				"Jnana yoga",
				"Kundalini yoga",
				"Hatha yoga",
				"Siddha Yoga",
				"Surat Shabd Yoga",
				"Tantric Yoga",
				"Sahaja Yoga"
			]
		},
		"Jainism": {
			"Digambara": [
				"Bispanthi",
				"Digambar Terapanth",
				"Kanji Panth",
				"Panth of Kanji Swami"
			],
			"Śvētāmbara": [
				"Murtipujaka (Deravasi)",
				"Sthānakavāsī",
				"Svetambar Terapanth"
			]
		},
		"Meivazhi": {},
		"Sikhism": [
			"Khalsa",
			"Nihang",
			"Namdhari (\"Kuka Sikhs\")",
			"Ravidassia religion",
			"Sahajdhari"
		]
	},
	"Iranian": {
		"Zoroastrianism": [
			"Zurvanism",
			"Mazdakism",
			"Khurramites (syncretism with Shi'a Islam)",
			"Behafaridians"
		],
		"Gnostic religions": [
			"Mandaeism",
			"Manichaeism",
			"Mithraism"
		],
		"Bábí movement": [
			"Bábism",
			"Bahá'í Faith",
			"Azali"
		],
		"Yazdânism": [
			"Alevi",
			"Yarsani",
			"Yazidi"
		]
	},
	"East Asian": {
		"Confucianism": [
			"Neo-Confucianism",
			"New Confucianism"
		],
		"Shinto": [
			"Koshintō",
			"Shugendō",
			"Yoshida Shintō",
			"Konkokyo",
			"Oomoto",
			"Seicho-no-Ie",
			"Shinmeiaishinkai",
			"Tenrikyo",
			"Zenrinkyo"
		],
		"Taoism": [
			"Way of the Five Pecks of Rice",
			"Way of the Celestial Masters",
			"Zhengyi Dao (\"Way of the Right Oneness\")",
			"Taipingjing-based movements",
			"Shangqing School (\"School of the Highest Clarity\")",
			"Lingbao School (\"School of the Numinous Treasure\")",
			"Quanzhen School (\"Way of the Fulfilled Virtue\")",
			"Dragon Gate Taoism",
			"Wuliupai (\"School of Wu-Liu\")",
			"Yao Taoism (Meishanism)",
			"Faism (Redhead Taoism)",
			"Xuanxue (Neo-Taoism)",
			"Yiguandao",
			"Dudeism",
			"Zenarchy (Kerry Wendell Thornley)"
		],
		"Other": {
			"Chinese": [
				"Chan Buddhism",
				"Chinese folk religion",
				"Falun Gong",
				"Yiguandao (I Kuan-Tao)",
				"Mohism",
				"Xiantiandao"
			],
			"Korean": [
				"Cheondoism",
				"Daejongism",
				"Daesun Jinrihoe",
				"Gasin faith",
				"Jeung San Do",
				"Juche",
				"Korean shamanism",
				"Suwunism"
			],
			"Vietnamese": [
				"Cao Đài",
				"Đạo Bửu Sơn Kỳ Hương",
				"Đạo Dừa",
				"Đạo Mẫu",
				"Hòa Hảo"
			]
		}
	},
	"African Diasporic": [
		"Batuque",
		"Candomblé",
		"Dahomey mythology",
		"Haitian mythology",
		"Kumina",
		"Macumba",
		"Mami Wata",
		"Obeah",
		"Oyotunji",
		"Palo",
		"Quimbanda",
		"Santería (Lukumi)",
		"Umbanda",
		"Vodou"
	],
	"Indigenous Traditional": {
		"African": {
			"West Africa": [
				"Akan mythology",
				"Ashanti mythology (Ghana)",
				"Dahomey (Fon) mythology",
				"Efik mythology (Nigeria, Cameroon)",
				"Igbo mythology (Nigeria, Cameroon)",
				"Isoko mythology (Nigeria)",
				"Yoruba mythology (Nigeria, Benin)"
			],
			"Central Africa": [
				"Bushongo mythology (Congo)",
				"Bambuti (Pygmy) mythology (Congo)",
				"Lugbara mythology (Congo)"
			],
			"East Africa": [
				"Akamba mythology (East Kenya)",
				"Dinka mythology (Sudan)",
				"Lotuko mythology (Sudan)",
				"Masai mythology (Kenya, Tanzania)"
			],
			"Southern Africa": [
				"Khoisan religion",
				"Lozi mythology (Zambia)",
				"Tumbuka mythology (Malawi)",
				"Zulu mythology (South Africa)"
			]
		},
		"American": [
			"Abenaki mythology",
			"Anishinaabe",
			"Aztec mythology",
			"Blackfoot mythology",
			"Cherokee mythology",
			"Chickasaw mythology",
			"Choctaw mythology",
			"Creek mythology",
			"Crow mythology",
			"Ghost Dance",
			"Guarani mythology",
			"Haida mythology",
			"Ho-Chunk mythology (aka: Winnebago)",
			"Hopi mythology",
			"Inca mythology",
			"Indian Shaker Church",
			"Inuit mythology",
			"Iroquois mythology",
			"Keetoowah Nighthawk Society",
			"Kuksu",
			"Kwakiutl mythology",
			"Lakota mythology",
			"Leni Lenape mythology",
			"Longhouse religion",
			"Mapuche mythology",
			"Maya mythology",
			"Midewiwin",
			"Miwok",
			"Native American Church",
			"Navajo mythology",
			"Nootka mythology",
			"Ohlone mythology",
			"Olmec mythology",
			"Pomo mythology",
			"Pawnee mythology",
			"Salish mythology",
			"Selk'nam religion",
			"Seneca mythology",
			"Southeastern Ceremonial Complex",
			"Sun Dance",
			"Tsimshian mythology",
			"Urarina",
			"Ute mythology",
			"Wyandot religion",
			"Zuni mythology"
		],
		"Eurasian": {
			"Asian": [
				"Benzhuism (indigenous religion of the Bai people)",
				"Bimoism (indigenous religion of the Yi people)",
				"Bon (indigenous religion of Tibet)",
				"Chinese mythology",
				"Japanese mythology",
				"Korean shamanism",
				"Koshintō",
				"Manchu Shamanism",
				"Mun (Lepcha)",
				"Siberian Shamanism",
				"Tengrism",
				"Ua Dab (indigenous religion of the Hmong people)",
				"Vietnamese folk religion"
			],
			"European": [
				"Asatru",
				"Estonian mythology",
				"Eskimo religion",
				"Finnish mythology and Finnish paganism",
				"Marla faith",
				"Odinism",
				"Romuva",
				"Hungarian folk religion",
				"Sami religion (including the Noaidi)",
				"Wotanism"
			]
		},
		"Oceania/Pacific": {
			"Australian Aboriginal mythology": {},
			"Austronesian beliefs": {},
			"Balinese mythology": {},
			"Javanese beliefs": {},
			"Melanesian mythology": {},
			"Micronesian mythology": [
				"Modekngei",
				"Nauruan indigenous religion"
			],
			"Philippine mythology": [
				"Anito",
				"Gabâ",
				"Kulam"
			],
			"Polynesian mythology": {
				"Hawaiian mythology": {},
				"Māori mythology": [
					"Māori religion"
				],
				"Rapa Nui mythology": [
					"Moai",
					"Tangata manu"
				]
			},
			"Cargo Cults": [
				"John Frum",
				"Prince Philip Movement",
				"Vailala Madness"
			]
		},
		"Historical Polytheism": {
			"Ancient Near Eastern": {
				"Ancient Egyptian religion": {},
				"Ancient Semitic religions": [
					"Canaanite mythology",
					"Canaanite religion"
				],
				"Mesopotamian mythology": [
					"Arabian mythology (pre-Islamic)",
					"Babylonian and Assyrian religion",
					"Babylonian mythology",
					"Chaldean mythology",
					"Sumerian mythology"
				]
			},
			"Indo-European": {
				"Proto-Indo-Iranian religion": [
					"Historical Vedic religion",
					"Iranian mythology"
				],
				"Armenian mythology": {},
				"Baltic polytheism": {},
				"Celtic polytheism": [
					"Brythonic mythology",
					"Gaelic mythology"
				],
				"Germanic polytheism": [
					"Anglo-Saxon religion",
					"Continental Germanic religion",
					"Norse religion"
				],
				"Greek polytheism": {},
				"Hittite mythology": {},
				"Persian mythology": {},
				"Roman polytheism": {},
				"Slavic polytheism": {},
				"Hellenistic": {
					"Mystery religions": [
						"Eleusinian Mysteries",
						"Mithraism",
						"Orphism"
					],
					"Pythagoreanism": {},
					"Gallo-Roman religion": {}
				}
			},
			"Uralic": [
				"Estonian polytheism",
				"Finnish polytheism",
				"Hungarian polytheism"
			]
		},
		"Mysticism and Occult": {
			"Esotericism and mysticism": {
				"Hindu mysticism": [
					"Tantra",
					"Vaastu Shastra"
				],
				"Kabbalah": {},
				"Moorish Science Temple of America": {},
				"Moorish Orthodox Church of America": {},
				"Neoplatonism": {},
				"Melanin Spirituality": {},
				"Pythagoreanism": [
					"Neopythagoreanism"
				],
				"Sufism": {},
				"Theosophy": {},
				"Western mystery tradition": [
					"Hermeticism",
					"Builders of the Adytum",
					"Fraternitas Saturni",
					"Fraternity of the Inner Light",
					"Hermetic Order of the Golden Dawn",
					"The Open Source Order of the Golden Dawn",
					"Ordo Aurum Solis",
					"Rosicrucian",
					"Ancient Mystical Order Rosae Crucis",
					"Rosicrucian Fellowship",
					"Servants of the Light"
				],
				"Thelema": [
					"A∴A∴",
					"Ordo Templi Orientis",
					"Ecclesia Gnostica Catholica (the ecclesiastical arm of O.T.O.)",
					"Typhonian Order"
				],
				"Christian mysticism and esotericism": [
					"Main articles: Christian mysticism and Esoteric Christianity",
					"Anthroposophy",
					"Archeosophical Society",
					"Behmenism",
					"Christian Kabbalah",
					"Martinism"
				]
			},
			"Occult and magic": {
				"Alchemy": {},
				"Ceremonial magic": [
					"Enochian magic",
					"Goetic magic"
				],
				"Chaos magic": [
					"Illuminates of Thanateros",
					"Thee Temple ov Psychick Youth"
				],
				"Hoodoo (Rootwork)": [
					"New Orleans Voodoo"
				],
				"Kulam - Filipino witchcraft": {},
				"Pow-wow": {},
				"Seiðr - Norse sorcery": {},
				"Magick (Thelema)": {},
				"Witchcraft": {}
			}
		},
		"Modern Paganism": {
			"Syncretic": {
				"Adonism": {},
				"Church of All Worlds": {},
				"Church of Aphrodite": {},
				"Feraferia": {},
				"Neo-Druidism": [
					"Reformed Druids of North America"
				],
				"Neoshamanism": {},
				"Neo-völkisch movements": {},
				"Technopaganism": {},
				"Wicca": {
					"British Traditional Wicca": [
						"Gardnerian Wicca",
						"Alexandrian Wicca",
						"Central Valley Wicca",
						"Algard Wicca",
						"Chthonioi Alexandrian Wicca",
						"Blue Star Wicca",
						"Eclectic Wicca"
					],
					"Celtic Wicca": {},
					"Saxon Wicca": {},
					"Dianic Wicca": {},
					"McFarland Dianic Wicca": {},
					"Faery Wicca": {},
					"Correllian Nativist Tradition": {},
					"Georgian Wicca": {},
					"Odyssean Wicca": {},
					"Wiccan church": [
						"Covenant of the Goddess"
					]
				}
			},
			"Ethnic": [
				"Armenian Neopaganism",
				"Baltic Neopaganism",
				"Celtic Neopaganism",
				"Finnish Neopaganism",
				"Germanic Neopaganism",
				"Hellenismos",
				"Kemetism",
				"Roman Neopaganism",
				"Semitic Neopaganism",
				"Slavic Neopaganism",
				"Taaraism",
				"Zalmoxianism"
			]
		},
		"New Religious Movements": {
			"Creativity": {},
			"Huna": {},
			"Native American Church": {},
			"Raëlism": {},
			"Scientology": {},
			"Unitarian Universalist": {},
			"New Thought": [
				"Christian Science",
				"Church Universal and Triumphant",
				"Divine Science",
				"Religious Science",
				"Unity Church",
				"Jewish Science",
				"Seicho-no-Ie"
			],
			"Shinshukyo": [
				"Church of World Messianity",
				"Happy Science",
				"Konkokyo",
				"Oomoto",
				"PL Kyodan",
				"Seicho-No-Ie",
				"Tenrikyo"
			]
		},
		"Lef-hand Path Religions": {
			"Satanism": [
				"LaVeyan Satanism",
				"Theistic Satanism",
				"Our Lady of Endor Coven (or Ophite Cultus Satanas)"
			],
			"Demonolatry": {},
			"Luciferianism": {},
			"Setianism (Temple of Set)": {}
		},
		"Post-theistic and naturalistic religions": [
			"Discordianism",
			"Ethical Culture",
			"Some forms of freethought (e.g. North Texas Church of Freethought)",
			"Jesusism",
			"Naturalistic Pantheism (e.g. World Pantheist Movement)",
			"Yoism"
		],
		"Others": [
			"Cult of the Supreme Being",
			"Deism",
			"Eckankar",
			"Fourth Way",
			"Goddess movement",
			"Humanism",
			"The New Message from God",
			"Nuwaubian Nation",
			"Open-source religion",
			"Plurationalism",
			"Spiritism (Spiritualism)",
			"Subud",
			"Universal Life Church"
		]
	}
}
