{
    "description": "Artifact archetypes.",
    "artifacts": [
        {
            "name": "book",
            "synonyms": ["tome","scroll","tablet"],
            "qualities": ["educational","wise"],
            "nature": "neutral"
        },
        {
            "name": "candle",
            "synonyms": ["torch","lamp","flashlight","light","beacon"],
            "qualities": ["enlightening","revealing","illuminating","opening"],
            "nature": "good"
        },
        {
            "name": "bell",
            "synonyms": ["signal","chime","warning"],
            "qualities": ["clear","truthful"],
            "nature": "good"
        },
        {
            "name": "staff",
            "synonyms": ["stick","cane","crook","pole"],
            "qualities": ["strong","steady","supporting"],
            "nature": "good"
        },
        {
            "name": "blade",
            "synonyms": ["knife","sword","axe"],
            "qualities": ["damaging","forceful"],
            "nature": "evil"
        },
        {
            "name": "seed",
            "synonyms": ["bean"],
            "qualities": ["growth","renewal","creation","transitional"],
            "nature": "good"
        },
        {
            "name": "cloak",
            "synonyms": ["hood","mask","disguise","robe"],
            "qualities": ["protective","mysterious","warmth"],
            "nature": "neutral"
        },
        {
            "name": "map",
            "synonyms": ["compass","guide"],
            "qualities": ["helpful","moving","transitional"],
            "nature": "good"
        }
    ]
}
