{
    "description": "Common character archetypes.",
    "characters": [
        {
            "name": "hero",
            "synonyms": ["protagonist"],
            "qualities": ["brave","willing","determined"],
            "nature": "good"
        },
        {
            "name": "anti-hero",
            "synonyms": ["antagonist"],
            "qualities": ["unwilling","reluctant"],
            "nature": "neutral"
        },
        {
            "name": "analyst",
            "synonyms": ["reasoner"],
            "qualities": ["rational","logical"],
            "nature": "neutral"
        },
        {
            "name": "bureaucrat",
            "synonyms": ["lawyer","politician","manager"],
            "qualities": ["obedient"],
            "nature": "neutral"
        },
        {
            "name": "caretaker",
            "synonyms": ["healer","doctor","nurse"],
            "qualities": ["caring","healing"],
            "nature": "good"
        },
        {
            "name": "catalyst",
            "synonyms": ["doer"],
            "qualities": ["dynamic","changeable","mercurial","unpredictable"],
            "nature": "neutral"
        },
        {
            "name": "coward",
            "synonyms": ["wimp"],
            "qualities": ["weak","craven","fearful"],
            "nature": "evil"
        },
        {
            "name": "curmudgeon",
            "synonyms": ["grump"],
            "qualities": ["opinionated","cranky","resolute"],
            "nature": "evil"
        },
        {
            "name": "mentor",
            "synonyms": ["elder","teacher","professor","parent"],
            "qualities": ["educating","guiding","helpful"],
            "nature": "neutral"
        },
        {
            "name": "shaman",
            "synonyms": ["guide","medium","soothsayer"],
            "qualities": ["mystical","mysterious"],
            "nature": "neutral"
        },
        {
            "name": "herald",
            "synonyms": ["hierophant","expositor"],
            "qualities": ["expositional","revealing"],
            "nature": "neutral"
        },
        {
            "name": "trickster",
            "synonyms": ["shapeshifter","magician","devil"],
            "qualities": ["confusing","egocentric","misleading","clever","manipulative"],
            "nature": "evil"
        },
        {
            "name": "fool",
            "synonyms": ["joker","jester","idiot"],
            "qualities": ["thoughtless","silly","amusing"],
            "nature": "evil"
        },
        {
            "name": "child",
            "synonyms": ["innocent","virgin","youth","ingenue"],
            "qualities": ["innocent","naive","simple","straightforward","credulous","endearing"],
            "nature": "good"
        },
        {
            "name": "self",
            "synonyms": ["mirror-image"],
            "qualities": ["reflecting"],
            "nature": "good"
        },
        {
            "name": "hermit",
            "synonyms": ["loner","introvert"],
            "qualities": ["quiet","secretive"],
            "nature": "neutral"
        },
        {
            "name": "wanderer",
            "synonyms": ["traveler","explorer"],
            "qualities": ["curious"],
            "nature": "neutral"
        },
        {
            "name": "hunter",
            "synonyms": ["seeker","tracker","detective","inspector"],
            "qualities": ["curious","dedicated","driven"],
            "nature": "neutral"
        },
        {
            "name": "judge",
            "synonyms": ["justice","magistrate","arbiter","sheriff","referee","examiner"],
            "qualities": ["fair","unbiased","patient"],
            "nature": "neutral"
        },
        {
            "name": "weaver",
            "synonyms": ["creator","spinner", "crafter"],
            "qualities": ["thorough","crafty"],
            "nature": "neutral"
        },
        {
            "name": "death",
            "synonyms": ["executioner"],
            "qualities": ["final","morbid","dark", "sombre"],
            "nature": "evil"
        },
        {
            "name": "giver",
            "synonyms": ["benefactor"],
            "qualities": ["giving","generous","charitable","patronizing"],
            "nature": "good"
        },
        {
            "name": "superhuman",
            "synonyms": ["god", "demigod"],
            "qualities": ["incredible"],
            "nature": "good"
        },
        {
            "name": "dreamer",
            "synonyms": ["thinker"],
            "qualities": ["wishful","ambitious"],
            "nature": "good"
        },
        {
            "name": "gossip",
            "synonyms": ["tattletale","whisperer","communicator"],
            "qualities": ["talkative","expositional","unfettered","egocentric"],
            "nature": "evil"
        },
        {
            "name": "guardian",
            "synonyms": ["protector"],
            "qualities": ["strong","protective"],
            "nature": "good"
        },
        {
            "name": "hedonist",
            "synonyms": ["pleasure-seeker"],
            "qualities": ["egocentric","short-sighted"],
            "nature": "evil"
        },
        {
            "name": "leader",
            "synonyms": ["captain","general"],
            "qualities": ["inspiring", "compelling"],
            "nature": "good"
        },
        {
            "name": "martyr",
            "synonyms": [],
            "qualities": ["self-sacrificing","noble"],
            "nature": "neutral"
        },
        {
            "name": "everyman",
            "synonyms": [],
            "qualities": ["common","typical","average","normal"],
            "nature": "neutral"
        },
        {
            "name": "poet",
            "synonyms": ["bard","singer","philosopher"],
            "qualities": ["thoughtful","lyrical","myterious","enlightening"],
            "nature": "good"
        },
        {
            "name": "rebel",
            "synonyms": ["rogue","outsider","fighter"],
            "qualities": ["rebellious","questioning"],
            "nature": "neutral"
        },
        {
            "name": "slave",
            "synonyms": ["captive","laborer"],
            "qualities": ["trapped","abused","struggling","angry"],
            "nature": "neutral"
        },
        {
            "name": "samaritan",
            "synonyms": ["helper"],
            "qualities": ["selfless","generous","giving"],
            "nature": "good"
        },
        {
            "name": "scholar",
            "synonyms": ["didact","academic","learner"],
            "qualities": ["thoughtful","curious","dedicated"],
            "nature": "neutral"
        },
        {
            "name": "survivor",
            "synonyms": ["escapee"],
            "qualities": ["determined","lucky","hurt"],
            "nature": "good"
        },
        {
            "name": "sycophant",
            "synonyms": ["yes-man"],
            "qualities": ["predictable","affirmative","dependable"],
            "nature": "evil"
        },
        {
            "name": "temptress",
            "synonyms": ["seductress"],
            "qualities": ["alluring","deceitful"],
            "nature": "evil"
        },
        {
            "name": "tyrant",
            "synonyms": ["bully"],
            "qualities": ["dominating","demanding","angry","egocentric","dedicated"],
            "nature": "evil"
        },
        {
            "name": "victim",
            "synonyms": ["sufferer","target"],
            "qualities": ["hurt","abused","injured","fearful"],
            "nature": "neutral"
        },
        {
            "name": "waif",
            "synonyms": ["weakling","ragamuffin","urchin"],
            "qualities": ["sickly","poor","neglected","abandoned"],
            "nature": "neutral"
        },
        {
            "name": "minion",
            "synonyms": ["lackey","worker","employee"],
            "qualities": ["mindless","devoted","obedient"],
            "nature": "neutral"
        }
    ]
}
