{
  "description": "Best-selling books",
  "source": "https://en.wikipedia.org/wiki/List_of_best-selling_books",
  "books": [
    { "title": "The Lord of the Rings", "author": "J. R. R. Tolkien" },
    { "title": "The Little Prince", "author": "Antoine de Saint-Exupéry" },
    { "title": "Harry Potter and the Philosopher's Stone", "author": "J. K. Rowling" },
    { "title": "The Hobbit", "author": "J. R. R. Tolkien" },
    { "title": "And Then There Were None", "author": "Agatha Christie" },
    { "title": "Dream of the Red Chamber", "author": "Cao Xueqin" },
    { "title": "The Lion, the Witch and the Wardrobe", "author": "C. S. Lewis" },
    { "title": "She: A History of Adventure", "author": "H. Rider Haggard" },
    { "title": "The Adventures of Pinocchio", "author": "Carlo Collodi" },
    { "title": "Vardi Wala Gunda", "author": "Ved Prakash Sharma" },
    { "title": "The Da Vinci Code", "author": "Dan Brown" },
    { "title": "Harry Potter and the Chamber of Secrets", "author": "J. K. Rowling" },
    { "title": "Harry Potter and the Prisoner of Azkaban", "author": "J. K. Rowling" },
    { "title": "Harry Potter and the Goblet of Fire", "author": "J. K. Rowling" },
    { "title": "Harry Potter and the Order of the Phoenix", "author": "J. K. Rowling" },
    { "title": "Harry Potter and the Half-Blood Prince", "author": "J. K. Rowling" },
    { "title": "Harry Potter and the Deathly Hallows", "author": "J. K. Rowling" },
    { "title": "The Alchemist", "author": "Paulo Coelho" },
    { "title": "The Catcher in the Rye", "author": "J. D. Salinger" },
    { "title": "Think and Grow Rich", "author": "Napoleon Hill" },
    { "title": "The Bridges of Madison County", "author": "Robert James Waller" },
    { "title": "You Can Heal Your Life", "author": "Louise Hay" },
    { "title": "One Hundred Years of Solitude", "author": "Gabriel García Márquez" },
    { "title": "Lolita", "author": "Vladimir Nabokov" },
    { "title": "Heidi's Years of Learning and Travel", "author": "Johanna Spyri" },
    { "title": "The Common Sense Book of Baby and Child Care", "author": "Dr. Benjamin Spock" },
    { "title": "Anne of Green Gables", "author": "Lucy Maud Montgomery" },
    { "title": "Black Beauty", "author": "Anna Sewell" },
    { "title": "The Name of the Rose", "author": "Umberto Eco" },
    { "title": "The Eagle Has Landed", "author": "Jack Higgins" },
    { "title": "Watership Down", "author": "Richard Adams" },
    { "title": "The Hite Report", "author": "Shere Hite" },
    { "title": "Charlotte's Web", "author": "E.B. White; illustrated by Garth Williams" },
    { "title": "The Ginger Man", "author": "J. P. Donleavy" },
    { "title": "The Tale of Peter Rabbit", "author": "Beatrix Potter" },
    { "title": "Jonathan Livingston Seagull", "author": "Richard Bach" },
    { "title": "The Very Hungry Caterpillar", "author": "Eric Carle" },
    { "title": "A Message to Garcia", "author": "Elbert Hubbard" },
    { "title": "Sophie's World", "author": "Jostein Gaarder" },
    { "title": "Flowers in the Attic", "author": "V. C. Andrews" },
    { "title": "To Kill a Mockingbird", "author": "Harper Lee" },
    { "title": "Angels & Demons", "author": "Dan Brown" },
    { "title": "Kane and Abel", "author": "Jeffrey Archer" },
    { "title": "How the Steel Was Tempered", "author": "Nikolai Ostrovsky" },
    { "title": "War and Peace", "author": "Leo Tolstoy" },
    { "title": "The Diary of Anne Frank", "author": "Anne Frank" },
    { "title": "Your Erroneous Zones", "author": "Wayne Dyer" },
    { "title": "The Purpose Driven Life", "author": "Rick Warren" },
    { "title": "The Thorn Birds", "author": "Colleen McCullough" },
    { "title": "The Kite Runner", "author": "Khaled Hosseini" },
    { "title": "Valley of the Dolls", "author": "Jacqueline Susann" },
    { "title": "The Lost Symbol", "author": "Dan Brown" },
    { "title": "Gone with the Wind", "author": "Margaret Mitchell" },
    { "title": "Nineteen Eighty-Four", "author": "George Orwell" },
    { "title": "The Revolt of Mamie Stover", "author": "William Bradford Huie" },
    { "title": "The Girl with the Dragon Tattoo", "author": "Stieg Larsson" },
    { "title": "The Hunger Games", "author": "Suzanne Collins" },
    { "title": "The Young Guard", "author": "Alexander Alexandrovich Fadeyev" },
    { "title": "Who Moved My Cheese?", "author": "Spencer Johnson" },
    { "title": "The Great Gatsby", "author": "F. Scott Fitzgerald" },
    { "title": "The Wind in the Willows", "author": "Kenneth Grahame" },
    { "title": "The 7 Habits of Highly Effective People", "author": "Stephen R. Covey" },
    { "title": "Virgin Soil Upturned", "author": "Mikhail Sholokhov" },
    { "title": "The Celestine Prophecy", "author": "James Redfield" },
    { "title": "The Fault in Our Stars", "author": "John Green" },
    { "title": "The Shack", "author": "William P. Young" },
    { "title": "Uncle Styopa", "author": "Sergey Mikhalkov" },
    { "title": "The Godfather", "author": "Mario Puzo" },
    { "title": "Love Story", "author": "Erich Segal" },
    { "title": "Catching Fire", "author": "Suzanne Collins" },
    { "title": "Mockingjay", "author": "Suzanne Collins" },
    { "title": "Gone Girl", "author": "Gillian Flynn" },
    { "title": "The Girl on the Train", "author": "Paula Hawkins" },
    { "title": "All Quiet on the Western Front", "author": "Erich Maria Remarque" },
    { "title": "The Bermuda Triangle", "author": "Charles Berlitz" },
    { "title": "Things Fall Apart", "author": "Chinua Achebe" },
    { "title": "Animal Farm", "author": "George Orwell" },
    { "title": "Wolf Totem", "author": "Jiang Rong" },
    { "title": "The Happy Hooker: My Own Story", "author": "Xaviera Hollander" },
    { "title": "Jaws", "author": "Peter Benchley" },
    { "title": "Love You Forever", "author": "Robert Munsch" },
    { "title": "The Women's Room", "author": "Marilyn French" },
    { "title": "What to Expect When You're Expecting", "author": "Arlene Eisenberg" },
    { "title": "Adventures of Huckleberry Finn", "author": "Mark Twain" },
    { "title": "The Secret Diary of Adrian Mole, Aged 13¾", "author": "Sue Townsend" },
    { "title": "Pride and Prejudice", "author": "Jane Austen" },
    { "title": "Kon-Tiki: Across the Pacific in a Raft", "author": "Thor Heyerdahl" },
    { "title": "The Good Soldier Švejk", "author": "Jaroslav Hašek" },
    { "title": "Where the Wild Things Are", "author": "Maurice Sendak" },
    { "title": "The Power of Positive Thinking", "author": "Norman Vincent Peale" },
    { "title": "The Secret", "author": "Rhonda Byrne" },
    { "title": "Fear of Flying", "author": "Erica Jong" },
    { "title": "Dune", "author": "Frank Herbert" },
    { "title": "Charlie and the Chocolate Factory", "author": "Roald Dahl" },
    { "title": "The Naked Ape", "author": "Desmond Morris" },
    { "title": "Totto-chan, the Little Girl at the Window", "author": "Tetsuko Kuroyanagi" },
    { "title": "The Horse Whisperer", "author": "Nicholas Evans" },
    { "title": "Goodnight Moon", "author": "Margaret Wise Brown" },
    { "title": "The Neverending Story", "author": "Michael Ende" },
    { "title": "The Outsiders", "author": "S. E. Hinton" },
    { "title": "Guess How Much I Love You", "author": "Sam McBratney" },
    { "title": "Shōgun", "author": "James Clavell" },
    { "title": "The Poky Little Puppy", "author": "Janette Sebring Lowrey" },
    { "title": "The Pillars of the Earth", "author": "Ken Follett" },
    { "title": "How to Win Friends and Influence People", "author": "Dale Carnegie" },
    { "title": "Perfume", "author": "Patrick Süskind" },
    { "title": "The Grapes of Wrath", "author": "John Steinbeck" },
    { "title": "The Shadow of the Wind", "author": "Carlos Ruiz Zafón" },
    { "title": "Interpreter of Maladies", "author": "Jhumpa Lahiri" },
    { "title": "The Hitchhiker's Guide to the Galaxy", "author": "Douglas Adams" },
    { "title": "Tuesdays with Morrie", "author": "Mitch Albom" },
    { "title": "God's Little Acre", "author": "Erskine Caldwell" },
    { "title": "Follow Your Heart", "author": "Susanna Tamaro" },
    { "title": "A Wrinkle in Time", "author": "Madeleine L'Engle" },
    { "title": "Long Walk to Freedom", "author": "Nelson Mandela" },
    { "title": "The Old Man and the Sea", "author": "Ernest Hemingway" },
    { "title": "Life After Life", "author": "Raymond Moody" },
    { "title": "Me Before You", "author": "Jojo Moyes" },
    { "title": "Norwegian Wood", "author": "Haruki Murakami" },
    { "title": "Peyton Place", "author": "Grace Metalious" },
    { "title": "The Plague", "author": "Albert Camus" },
    { "title": "No Longer Human", "author": "Osamu Dazai" },
    { "title": "Man's Search for Meaning", "author": "Viktor Frankl" },
    { "title": "Divine Comedy", "author": "Dante Alighieri" },
    { "title": "The Prophet", "author": "Kahlil Gibran" },
    { "title": "The Exorcist", "author": "William Peter Blatty" },
    { "title": "The Gruffalo", "author": "Julia Donaldson" },
    { "title": "The Cat in the Hat", "author": "Dr. Seuss" },
    { "title": "Diana: Her True Story", "author": "Andrew Morton" },
    { "title": "The Help", "author": "Kathryn Stockett" },
    { "title": "Catch-22", "author": "Joseph Heller" },
    { "title": "L'Étranger (The Stranger (Camus novel))", "author": "Albert Camus" },
    { "title": "Eye of the Needle", "author": "Ken Follett" },
    { "title": "A Brief History of Time", "author": "Stephen Hawking" },
    { "title": "The Lovely Bones", "author": "Alice Sebold" },
    { "title": "Wild Swans", "author": "Jung Chang" },
    { "title": "Santa Evita", "author": "Tomás Eloy Martínez" },
    { "title": "Night", "author": "Elie Wiesel" },
    { "title": "Confucius from the Heart", "author": "Yu Dan" },
    { "title": "The Total Woman", "author": "Marabel Morgan" },
    { "title": "Knowledge-value Revolution", "author": "Taichi Sakaiya" },
    { "title": "Problems in China's Socialist Economy", "author": "Xue Muqiao" },
    { "title": "What Color is Your Parachute?", "author": "Richard Nelson Bolles" },
    { "title": "The Dukan Diet", "author": "Pierre Dukan" },
    { "title": "The Joy of Sex", "author": "Alex Comfort" },
    { "title": "The Gospel According to Peanuts", "author": "Robert L. Short" },
    { "title": "Life of Pi", "author": "Yann Martel" },
    { "title": "The Giver", "author": "Lois Lowry" },
    { "title": "The Front Runner", "author": "Patricia Nell Warren" },
    { "title": "The Goal", "author": "Eliyahu M. Goldratt" },
    { "title": "Harry Potter", "author": "J. K. Rowling" },
    { "title": "Goosebumps", "author": "R. L. Stine" },
    { "title": "Perry Mason", "author": "Erle Stanley Gardner" },
    { "title": "Berenstain Bears", "author": "Stan and Jan Berenstain" },
    { "title": "Sweet Valley High", "author": "Francine Pascal" },
    { "title": "Noddy", "author": "Enid Blyton" },
    { "title": "Nancy Drew", "author": "Carolyn Keene" },
    { "title": "Thomas the Tank Engine", "author": "Rev. W. Awdry" },
    { "title": "San-Antonio", "author": "Frédéric Dard" },
    { "title": "Robert Langdon", "author": "Dan Brown" },
    { "title": "Diary of a Wimpy Kid", "author": "Jeff Kinney" },
    { "title": "The Baby-sitters Club", "author": "Ann Martin" },
    { "title": "Little Critter", "author": "Mercer Mayer" },
    { "title": "Peter Rabbit", "author": "Beatrix Potter" },
    { "title": "Fifty Shades", "author": "E. L. James" },
    { "title": "Geronimo Stilton", "author": "Elisabetta Dami" },
    { "title": "Chicken Soup for the Soul", "author": "Jack Canfield" },
    { "title": "Clifford the Big Red Dog", "author": "Norman Bridwell" },
    { "title": "Frank Merriwell", "author": "Gilbert Patten" },
    { "title": "Dirk Pitt", "author": "Clive Cussler" },
    { "title": "Musashi", "author": "Eiji Yoshikawa" },
    { "title": "The Chronicles of Narnia", "author": "C. S. Lewis" },
    { "title": "Mr. Men", "author": "Roger Hargreaves" },
    { "title": "Twilight", "author": "Stephenie Meyer" },
    { "title": "The Hunger Games", "author": "Suzanne Collins" },
    { "title": "James Bond", "author": "Ian Fleming" },
    { "title": "Martine", "author": "Gilbert Delahaye" },
    { "title": "Discworld", "author": "Terry Pratchett" },
    { "title": "Miffy", "author": "Dick Bruna" },
    { "title": "Millennium", "author": "Stieg Larsson" },
    { "title": "Alex Cross", "author": "James Patterson" },
    { "title": "Captain Underpants", "author": "Dav Pilkey" },
    { "title": "Fear Street", "author": "R. L. Stine" },
    { "title": "Pippi Longstocking", "author": "Astrid Lindgren" },
    { "title": "The Vampire Chronicles", "author": "Anne Rice" },
    { "title": "The Wheel of Time", "author": "Robert Jordan" },
    { "title": "OSS 117", "author": "Jean Bruce" },
    { "title": "A Song of Ice and Fire", "author": "George R. R. Martin" },
    { "title": "Winnie-the-Pooh", "author": "A. A. Milne" },
    { "title": "Magic Tree House", "author": "Mary Pope Osborne" },
    { "title": "Left Behind", "author": "Tim LaHaye" },
    { "title": "A Series of Unfortunate Events", "author": "Lemony Snicket" },
    { "title": "Little House on the Prairie", "author": "Laura Ingalls Wilder" },
    { "title": "Jack Reacher", "author": "Lee Child" },
    { "title": "The Magic School Bus", "author": "Joanna Cole" },
    { "title": "Where's Wally?", "author": "Martin Handford" },
    { "title": "Men Are from Mars, Women Are from Venus", "author": "John Gray" },
    { "title": "The Hardy Boys", "author": "Franklin W. Dixon" },
    { "title": "The Bobbsey Twins", "author": "Laura Lee Hope" },
    { "title": "Tarzan", "author": "Edgar Rice Burroughs" },
    { "title": "Earth's Children", "author": "Jean M. Auel" },
    { "title": "Junie B. Jones", "author": "Barbara Park" },
    { "title": "Harry Bosch", "author": "Michael Connelly" },
    { "title": "Harry Hole", "author": "Jo Nesbø" },
    { "title": "Picture-and-story book Railway Guerilla", "author": "original author: Liu Zhixia" },
    { "title": "The Shadowhunter Chronicles", "author": "Cassandra Clare" },
    { "title": "Kaiketsu Zorori", "author": "Yutaka Hara" },
    { "title": "Paddington Bear", "author": "Michael Bond" },
    { "title": "Divergent", "author": "Veronica Roth" },
    { "title": "The Inheritance Cycle", "author": "Christopher Paolini" },
    { "title": "Guin Saga", "author": "Kaoru Kurimoto" },
    { "title": "Tokugawa Ieyasu", "author": "Sohachi Yamaoka" },
    { "title": "Ramona", "author": "Beverly Cleary" },
    { "title": "The Dark Tower", "author": "Stephen King" },
    { "title": "The Destroyer", "author": "Warren Murphy" },
    { "title": "Nontan", "author": "Sachiko Kiyono" },
    { "title": "Curious George", "author": "Hans Augusto Rey" },
    { "title": "Calico Cat Holmes", "author": "Jirō Akagawa" },
    { "title": "Rich Dad, Poor Dad", "author": "Robert Kiyosaki" },
    { "title": "Kurt Wallander", "author": "Henning Mankell" },
    { "title": "The Legend of the Ice People", "author": "Margit Sandemo" },
    { "title": "The Sword of Truth", "author": "Terry Goodkind" },
    { "title": "Outlander", "author": "Diana Gabaldon" },
    { "title": "Dork Diaries", "author": "Rachel Renée Russell" },
    { "title": "Onihei Hankachō", "author": "Shōtarō Ikenami" },
    { "title": "South Beach Diet", "author": "Arthur Agatston" },
    { "title": "Ryoma ga Yuku", "author": "Ryōtarō Shiba" },
    { "title": "Artemis Fowl", "author": "Eoin Colfer" },
    { "title": "Zukkoke Sanningumi", "author": "Masamoto Nasu" },
    { "title": "Shannara", "author": "Terry Brooks" },
    { "title": "Sword Art Online", "author": "Reki Kawahara" },
    { "title": "Redwall", "author": "Brian Jacques" },
    { "title": "Maisy", "author": "Lucy Cousins" },
    { "title": "Genma Taisen", "author": "Kazumasa Hirai" },
    { "title": "The Gate of Youth", "author": "Hiroyuki Itsuki" },
    { "title": "The Foundation Trilogy", "author": "Isaac Asimov" },
    { "title": "Percy Jackson & the Olympians", "author": "Rick Riordan" },
    { "title": "Horrible Histories", "author": "Terry Deary" },
    { "title": "Rainbow Magic", "author": "Daisy Meadows" },
    { "title": "Morgan Kane", "author": "Louis Masterson" },
    { "title": "The Southern Vampire Mysteries", "author": "Charlaine Harris" },
    { "title": "Doc Savage", "author": "Lester Dent" },
    { "title": "Erast Fandorin", "author": "Boris Akunin" },
    { "title": "Dragonriders of Pern", "author": "Anne McCaffrey" },
    { "title": "Vampire Hunter D", "author": "Hideyuki Kikuchi" },
    { "title": "The Hitchhiker's Guide to the Galaxy", "author": "Douglas Adams" },
    { "title": "Bridget Jones", "author": "Helen Fielding" },
    { "title": "The Riftwar Cycle", "author": "Raymond E. Feist" },
    { "title": "The No. 1 Ladies Detective Agency", "author": "Alexander McCall Smith" },
    { "title": "His Dark Materials", "author": "Philip Pullman" },
    { "title": "Legend of the Galactic Heroes", "author": "Yoshiki Tanaka" },
    { "title": "Rainbow Fish", "author": "Marcus Pfister" }
  ]
}
