{
  "description": "Organized components from the Dark Souls III message system",
  "templates": [
    "**** ahead",
    "No **** ahead",
    "**** required ahead",
    "be wary of ****",
    "try ****",
    "Could this be a ****?",
    "If only I had a ****…",
    "visions of ****…",
    "Time for ****",
    "****",
    "****!",
    "****?",
    "****…",
    "Huh. It's a ****…",
    "praise the ****!",
    "Let there be ****",
    "Ahh, ****…"
  ],
  "words": {
    "creatures": [
      "enemy",
      "monster",
      "mob enemy",
      "tough enemy",
      "critical foe",
      "Hollow",
      "pilgrim",
      "prisoner",
      "monstrosity",
      "skeleton",
      "ghost",
      "beast",
      "lizard",
      "bug",
      "grub",
      "crab",
      "dwarf",
      "giant",
      "demon",
      "dragon",
      "knight",
      "sellsword",
      "warrior",
      "herald",
      "bandit",
      "assassin",
      "sorcerer",
      "pyromancer",
      "cleric",
      "deprived",
      "sniper",
      "duo",
      "trio",
      "you",
      "you bastard",
      "good fellow",
      "saint",
      "wretch",
      "charmer",
      "poor soul",
      "oddball",
      "nimble one",
      "laggard",
      "moneybags",
      "beggar",
      "miscreant",
      "liar",
      "fatty",
      "beanpole",
      "youth",
      "elder",
      "old codger",
      "old dear",
      "merchant",
      "artisan",
      "master",
      "sage",
      "champion",
      "Lord of Cinder",
      "king",
      "queen",
      "prince",
      "princess",
      "angel",
      "god",
      "friend",
      "ally",
      "spouse",
      "covenator",
      "Phantom",
      "Dark Spirit"
    ],
    "objects": [
      "bonfire",
      "ember",
      "fog wall",
      "lever",
      "contraption",
      "key",
      "trap",
      "torch",
      "door",
      "treasure",
      "chest",
      "something",
      "quite something",
      "rubbish",
      "filth",
      "weapon",
      "shield",
      "projectile",
      "armor",
      "item",
      "ring",
      "ore",
      "coal",
      "transposing kiln",
      "scroll",
      "umbral ash",
      "throne",
      "rite",
      "coffin",
      "cinder",
      "ash",
      "moon",
      "eye",
      "brew",
      "soup",
      "message",
      "bloodstain",
      "illusion"
    ],
    "techniques": [
      "close-ranged battle",
      "ranged battle",
      "eliminating one at a time",
      "luring it out",
      "beating to a pulp",
      "ambush",
      "pincer attack",
      "hitting them in one swoop",
      "dual-wielding",
      "stealth",
      "mimicry",
      "fleeing",
      "charging",
      "jumping off",
      "dashing through",
      "circling around",
      "trapping inside",
      "rescue",
      "Skill",
      "sorcery",
      "pyromancy",
      "miracles",
      "pure luck",
      "prudence",
      "brief respite",
      "play dead"
    ],
    "actions": [
      "jog",
      "dash",
      "rolling",
      "backstepping",
      "jumping",
      "attacking",
      "jump attack",
      "dash attack",
      "counter attack",
      "stabbing in the back",
      "guard stun & stab",
      "plunging attack",
      "sweeping attack",
      "shield breaking",
      "blocking",
      "parrying",
      "locking-on",
      "no lock-on",
      "two-handing",
      "gesture",
      "control",
      "destroy"
    ],
    "geography": [
      "boulder",
      "lava",
      "poison gas",
      "enemy horde",
      "forest",
      "swamp",
      "cave",
      "shortcut",
      "detour",
      "hidden path",
      "secret passage",
      "dead end",
      "labyrinth",
      "hole",
      "bright spot",
      "dark spot",
      "open area",
      "tight spot",
      "safe zone",
      "danger zone",
      "sniper spot",
      "hidding place",
      "illusory wall",
      "ladder",
      "lift",
      "gorgeous view",
      "looking away",
      "overconfidence",
      "slip-up",
      "oversight",
      "fatigue",
      "bad luck",
      "inattention",
      "loss of stamina",
      "chance encounter",
      "planned encounter"
    ],
    "orientation": [
      "front",
      "back",
      "left",
      "right",
      "up",
      "down",
      "below",
      "above",
      "behind"
    ],
    "body parts": [
      "head",
      "neck",
      "stomach",
      "back",
      "arm",
      "finger",
      "leg",
      "rear",
      "tail",
      "wings",
      "anywhere",
      "tounge",
      "right arm",
      "left arm",
      "thumb",
      "indexfinger",
      "longfinger",
      "ringfinger",
      "smallfinger",
      "right leg",
      "left leg",
      "right side",
      "left side",
      "pincer",
      "wheel",
      "core",
      "mount"
    ],
    "attribute": [
      "regular",
      "strike",
      "thrust",
      "slash",
      "magic",
      "crystal",
      "fire",
      "chaos",
      "lightning",
      "blessing",
      "dark",
      "critical hits",
      "bleeding",
      "poison",
      "toxic",
      "frost",
      "curse",
      "equipment breakage"
    ],
    "concepts": [
      "chance",
      "quagmire",
      "hint",
      "secret",
      "sleeptalk",
      "happiness",
      "misfortune",
      "life",
      "death",
      "demise",
      "joy",
      "fury",
      "agony",
      "sadness",
      "tears",
      "loyalty",
      "betrayal",
      "hope",
      "despair",
      "fear",
      "losing sanity",
      "victory",
      "defeat",
      "sacrafice",
      "light",
      "dark",
      "bravery",
      "confidence",
      "vigor",
      "revenge",
      "resignation",
      "overwhelming",
      "regret",
      "pointless",
      "man",
      "woman",
      "friendship",
      "love",
      "recklessness",
      "composure",
      "guts",
      "comfort",
      "silence",
      "deep",
      "dregs"
    ],
    "musings": [
      "good luck",
      "fine work",
      "I did it!",
      "I've failed…",
      "here!",
      "not here!",
      "I can't take this…",
      "lonely…",
      "don't you dare!",
      "do it!",
      "look carefully",
      "listen carefully",
      "think carefully",
      "this place again?",
      "now the real fight begins",
      "you don't deserve this",
      "keep moving",
      "pull back",
      "give it up",
      "don't give up",
      "help me…",
      "impossible…",
      "bloody expensive…",
      "let me out of here…",
      "stay calm",
      "like a dream…",
      "seems familiar…",
      "are you ready?",
      "it'll happen to you too",
      "praise the Sun!",
      "may the flames guide thee"
    ]
  }
}
