{
  "games": {
    "The Legend of Zelda": {
      "characters": [
        "Fairy",
        "Fortune Teller",
        "Impa",
        "Link",
        "Old Men",
        "Old Woman",
        "Princess Zelda"
      ]
    },
    "Zelda II: Adventure of Link": {
      "characters": [
        "Bagu",
        "Ganon",
        "Impa",
        "King of Hyrule",
        "Link",
        "Prince of Hyrule",
        "Princess Zelda"
      ]
    },
    "A Link to the Past": {
      "characters": [
        "Agahnim",
        "Link",
        "Link's Uncle",
        "Princess Zelda",
        "Sahasrahla"
      ]
    },
    "Link's Awakening": {
      "characters": [
        "Bow-Wow",
        "Chef Bear",
        "Christine",
        "Crazy Tracy",
        "Cucco Keeper",
        "Fishermen",
        "Ghost",
        "Grandma Ulrira",
        "Kiki",
        "Link",
        "Mad Batter",
        "Madam MeowMeow",
        "Main Antagonist",
        "Mamu",
        "Manbo",
        "Marin",
        "Martha",
        "Mr. Write",
        "Nightmare",
        "Owl",
        "Papahl and family",
        "Photographer",
        "Rabbits",
        "Richard",
        "Sale",
        "Schule Donavitch",
        "Shop Keeper",
        "Syrup",
        "Tarin",
        "Ulrira",
        "Walrus",
        "Wind Fish"
      ]
    },
    "Ocarina of Time": {
      "characters": [
        "Anju",
        "Biggoron",
        "Carpenters",
        "Dampe",
        "Darunia",
        "Deku Tree Sprout",
        "Epona",
        "Fado",
        "Ganondorf",
        "Great Deku Tree",
        "Great Fairy",
        "Grog",
        "Happy Mask Salesman",
        "Impa",
        "Ingo",
        "Kaepora Gaebora",
        "King Zora",
        "Link (Goron)",
        "Link",
        "Lord Jabu-Jabu",
        "Malon",
        "Marathon Man",
        "Medigoron",
        "Mido",
        "Nabooru",
        "Navi",
        "Poe salesman",
        "Princess Ruto",
        "Princess Zelda",
        "Rauru",
        "Saria",
        "Sheik",
        "Talon"
      ]
    },
    "Majora's Mask": {
      "characters": [
        "Anju",
        "Anju's Mother",
        "Aveil",
        "Baby Goron",
        "Biggoron",
        "Bombers",
        "Curiosity Shop Guy",
        "Dampe",
        "Darmani III",
        "Deku Royalty",
        "Flat",
        "Gibdo Man",
        "Gorman",
        "Goron Elder",
        "Great Fairy",
        "Grog",
        "Guru-Guru",
        "Happy Mask Salesman",
        "Indigo-Go's",
        "Kaepora Gaebora",
        "Kafei",
        "Kamaro",
        "Keaton",
        "Koume and Kotake",
        "Link",
        "Madam Aroma",
        "Majora's Mask (Boss)",
        "Mamamu Yan",
        "Mayor Dotour",
        "Mikau",
        "Monkey",
        "Mr. Barten",
        "Mutoh",
        "Old Lady from Bomb Shop",
        "Pamela",
        "Poe salesman",
        "Postman",
        "Professor Shikashi",
        "Romani and Cremia",
        "Rosa Sisters",
        "Sakon",
        "Sharp",
        "Shiro",
        "Skull Kid",
        "Tael",
        "Tatl",
        "Tingle",
        "Toto",
        "Turtle",
        "Viscen"
      ]
    },
    "Oracle of Seasons - Oracle of Ages": {
      "characters": [
        "Alder",
        "Biggoron",
        "Bipin and Blossom's son",
        "Bipin",
        "Blaino",
        "Blossom",
        "Captain",
        "Carpenters",
        "Cheval",
        "Comedians",
        "Dimitri",
        "Din",
        "Dr.Troy",
        "Fairies",
        "Farore",
        "Ganon",
        "Goron Elder",
        "Great Moblin",
        "Guru-Guru",
        "Impa",
        "Ingo",
        "King Zora",
        "Link",
        "Lord Jabu-Jabu",
        "Maku Tree",
        "Malon",
        "Mamamu Yan",
        "Maple",
        "Moosh",
        "Mrs. Ruul",
        "Nayru",
        "Onox",
        "Patch",
        "Plen",
        "Postman",
        "Princess Zelda",
        "Queen Ambi",
        "Ralph",
        "Ricky",
        "Rosa",
        "Ruul",
        "Shopkeeper",
        "Sokra",
        "Subrosian Queen",
        "Syrup",
        "Talon",
        "Tokkey",
        "Twinrova",
        "Vasu",
        "Veran"
      ]
    },
    "Four Swords": {
      "characters": [
        "Dampe",
        "Decci",
        "Dekki",
        "Deppi",
        "Great Fairy",
        "Kaepora Gaebora",
        "Knights of Hyrule",
        "Link",
        "Princess Zelda",
        "Shrine Maidens",
        "Tingle"
      ]
    },
    "The Wind Waker": {
      "characters": [
        "Abe",
        "Aryll",
        "Beedle",
        "Cyclos",
        "Daphnes Nohansen Hyrule",
        "Deities",
        "Doc Bandam",
        "Fado",
        "Fairy Queen",
        "Fishman",
        "Ganondorf",
        "Grandma",
        "Great Deku Tree",
        "Great Fairies",
        "Jabun",
        "Joel",
        "Killer Bees",
        "King of Red Lions",
        "Komali",
        "Laruto",
        "Lenzo",
        "Link",
        "Maggie and her father",
        "Makar",
        "Mesa",
        "Mila and her father",
        "Mrs. Marie",
        "Orca",
        "Quill",
        "Rito Chieftain",
        "Rose",
        "Sages",
        "Salvatore",
        "Sturgeon",
        "Sue-Belle",
        "Tetra",
        "The Pirates",
        "Tingle",
        "Tott",
        "Traveling Merchants",
        "Valoo",
        "Zelda",
        "Zephos",
        "Zill",
        "Zunari"
      ]
    },
    "Twilight Princess": {
      "characters": [
        "Beth",
        "Colin",
        "Epona",
        "Ganondorf",
        "Ilia",
        "Link",
        "Louise",
        "Malo",
        "Midna",
        "Ooccoo",
        "Postman",
        "Prince Ralis",
        "Princess Zelda",
        "Queen Rutela",
        "Renado",
        "Talo",
        "Telma",
        "Yeta",
        "Yeto",
        "Zant",
        "\"The Group\""
      ]
    },
    "Phantom Hourglass": {
      "characters": [
        "Astrid",
        "Beedle",
        "Biggoron",
        "Ciela",
        "Eddo",
        "Golden Chief Cylos",
        "Gongoron",
        "Kayo",
        "Leaf",
        "Linebeck",
        "Link",
        "Neri",
        "Nyave",
        "Nyeve",
        "Old Wayfarer",
        "Oshus",
        "Postman",
        "Teller of Treasures",
        "Tetra",
        "Zauz"
      ]
    },
    "The Minish Cap": {
      "characters": [
        "Anju",
        "Beedle",
        "Belari",
        "Blade Brothers",
        "Borlov",
        "Brocco",
        "Carlov",
        "Dampé",
        "Din",
        "Ezlo",
        "Farore",
        "Festari",
        "Forest Minish",
        "Gentari",
        "Gorman",
        "Hurdy Gurdy Man",
        "King Daltus",
        "Librari",
        "Link",
        "Malon",
        "Mayor Hagen",
        "Melari",
        "Mountain Minish",
        "Mutoh",
        "Nayru",
        "Percy",
        "Pina",
        "Potho",
        "Rem",
        "Simon",
        "Smith",
        "Stockwell",
        "Talon",
        "Tingle",
        "Town Minish",
        "Vaati",
        "Wheaton and Pita",
        "Zelda",
        "Zill"
      ]
    }
  }
}
