{
    "description":  "Gods and goddesses from Egyptian mythology",
    "egyptian_gods":  {
        "Aani": {"depictions": ["ape"], "genders": ["male"], "keywords": ["ape", "protection"]},
        "Aati": {"depictions": [], "genders": ["male"], "keywords": ["dead", "judge", "souls"]},
        "Abu": {"depictions": [], "genders": ["male"], "keywords": ["light"]},
        "Ahti": {"depictions": ["hippopotamus"], "genders": ["female"], "keywords": ["hippopotamus"]},
        "Aker": {"depictions": [], "genders": ["male"], "keywords": ["earth", "horizon"]},
        "Am-heh": {"depictions": [], "genders": ["male"], "keywords": ["underworld"]},
        "Amathaunta": {"depictions": [], "genders": ["female"], "keywords": ["ocean", "sea"]},
        "Amenhotep": {"depictions": [], "genders": ["male"], "keywords": []},
        "Ament": {"depictions": [], "genders": ["female"], "keywords": ["hospitality", "underworld"]},
        "Ammit": {"depictions": [], "genders": ["female"], "keywords": ["souls"]},
        "Amn": {"depictions": [], "genders": ["female"], "keywords": ["souls", "underworld"]},
        "Amu-Aa": {"depictions": [], "genders": ["male"], "keywords": []},
        "Amun": {"depictions": [], "genders": ["male"], "keywords": ["Thebes", "creation"]},
        "Amunet": {"depictions": [], "genders": ["female"], "keywords": []},
        "An-a-f": {"depictions": [], "genders": ["male"], "keywords": ["dead", "judge", "souls"]},
        "An-hetep-f": {"depictions": [], "genders": ["male"], "keywords": ["dead", "judge", "souls"]},
        "An-mut-f": {"depictions": [], "genders": ["male"], "keywords": []},
        "An-tcher-f": {"depictions": [], "genders": ["male"], "keywords": []},
        "Anat": {"depictions": [], "genders": ["female"], "keywords": ["fertility", "war"]},
        "Andjety": {"depictions": [], "genders": ["male"], "keywords": []},
        "Anhefta": {"depictions": [], "genders": ["female"], "keywords": ["protection"]},
        "Anhur": {"depictions": [], "genders": ["male"], "keywords": ["hunting", "war"]},
        "Ani": {"depictions": [], "genders": ["male"], "keywords": ["festivals"]},
        "Anit": {"depictions": [], "genders": ["female"], "keywords": []},
        "Antd": {"depictions": [], "genders": ["female"], "keywords": []},
        "Anti": {"depictions": ["hawk"], "genders": ["male"], "keywords": ["hawk"]},
        "Anuke": {"depictions": [], "genders": ["female"], "keywords": ["war"]},
        "Anuket": {"depictions": [], "genders": ["female"], "keywords": ["Nile"]},
        "Apedemak": {"depictions": ["lion"], "genders": ["male"], "keywords": ["Nubia", "lion"]},
        "Apep": {"depictions": ["snake"], "genders": ["male"], "keywords": ["chaos", "snake", "underworld"]},
        "Apis": {"depictions": ["bull"], "genders": ["male"], "keywords": ["Memphis", "bull"]},
        "Arensnuphis": {"depictions": [], "genders": ["male"], "keywords": []},
        "Asclepius": {"depictions": [], "genders": ["male"], "keywords": []},
        "Ash": {"depictions": [], "genders": ["male"], "keywords": ["desert", "oasis"]},
        "Astarte": {"depictions": [], "genders": ["female"], "keywords": ["war"]},
        "Astennu": {"depictions": ["baboon"], "genders": ["male"], "keywords": ["baboon"]},
        "Aten": {"depictions": [], "genders": ["male"], "keywords": ["sun"]},
        "Atum": {"depictions": [], "genders": ["male"], "keywords": ["Ennead", "creation", "sun"]},
        "Ausaas": {"depictions": [], "genders": ["female"], "keywords": ["Heliopolis", "sun"]},
        "Ba": {"depictions": [], "genders": ["male"], "keywords": ["fertility"]},
        "Ba'alat": {"depictions": [], "genders": ["female"], "keywords": []},
        "Ba-Pef": {"depictions": [], "genders": ["male"], "keywords": ["underworld"]},
        "Ba-Ra": {"depictions": [], "genders": ["male"], "keywords": []},
        "Baal": {"depictions": [], "genders": ["male"], "keywords": ["sky", "storm"]},
        "Babi": {"depictions": ["baboon"], "genders": ["male"], "keywords": ["aggression", "baboon", "sexuality"]},
        "Banebdjedet": {"depictions": ["ram"], "genders": ["male"], "keywords": ["ram"]},
        "Bastet": {"depictions": ["cat", "lioness"], "genders": ["female"], "keywords": ["Bubastis", "cat", "lioness", "protection"]},
        "Bat": {"depictions": ["cow"], "genders": ["female"], "keywords": ["cow"]},
        "Bennu": {"depictions": ["bird"], "genders": ["male"], "keywords": ["bird", "creation", "sun"]},
        "Bes": {"depictions": ["dwarf"], "genders": ["male"], "keywords": ["childbirth", "children", "dwarf", "protection", "women"]},
        "Besna": {"depictions": [], "genders": ["female"], "keywords": ["home", "security"]},
        "Buchis": {"depictions": ["bull"], "genders": ["male"], "keywords": ["bull"]},
        "Dedun": {"depictions": [], "genders": ["male"], "keywords": ["incense"]},
        "Denwen": {"depictions": ["dragon", "snake"], "genders": ["male"], "keywords": ["dragon", "snake"]},
        "Djebuty": {"depictions": [], "genders": ["male"], "keywords": []},
        "Djefa": {"depictions": [], "genders": ["male"], "keywords": ["abundance"]},
        "Dua": {"depictions": [], "genders": ["male"], "keywords": ["sanitation"]},
        "Esna": {"depictions": ["perch"], "genders": ["female"], "keywords": ["perch"]},
        "Fa": {"depictions": [], "genders": ["male"], "keywords": ["destiny"]},
        "Fetket": {"depictions": [], "genders": ["male"], "keywords": ["butler"]},
        "Geb": {"depictions": [], "genders": ["male"], "keywords": ["Ennead", "earth"]},
        "Gengen Wer": {"depictions": ["goose"], "genders": ["male"], "keywords": ["egg", "goose", "guardian"]},
        "Ha": {"depictions": [], "genders": ["male"], "keywords": ["desert", "oasis"]},
        "Hapi": {"depictions": ["flood"], "genders": ["male"], "keywords": ["Nile", "flood"]},
        "Hapy-Wet": {"depictions": [], "genders": ["male"], "keywords": ["Nile"]},
        "Hardedef": {"depictions": [], "genders": ["male"], "keywords": []},
        "Harmachis": {"depictions": ["sphinx"], "genders": ["male"], "keywords": ["sphinx"]},
        "Harsomtus": {"depictions": ["child"], "genders": ["male"], "keywords": ["child"]},
        "Hathor": {"depictions": [], "genders": ["female"], "keywords": ["afterlife", "dance", "foreign goods", "foreign lands", "motherhood", "music", "sexuality", "sky", "sun"]},
        "Hatmehit": {"depictions": ["fish"], "genders": ["female"], "keywords": ["fish"]},
        "Haurun": {"depictions": [], "genders": ["male"], "keywords": ["healing", "protection"]},
        "Hedetet": {"depictions": ["scorpion"], "genders": ["female"], "keywords": ["scorpion"]},
        "Hedjhotep": {"depictions": [], "genders": ["female", "male"], "keywords": ["clothing", "fabric"]},
        "Heh": {"depictions": [], "genders": ["female", "male"], "keywords": ["infinity"]},
        "Heka": {"depictions": [], "genders": ["male"], "keywords": ["magic"]},
        "Heket": {"depictions": ["frog"], "genders": ["female"], "keywords": ["childbirth", "frog"]},
        "Heneb": {"depictions": [], "genders": ["male"], "keywords": ["grain"]},
        "Henkhisesui": {"depictions": [], "genders": ["male"], "keywords": ["wind"]},
        "Heptet": {"depictions": [], "genders": ["female"], "keywords": ["death", "knife"]},
        "Heret-Kau": {"depictions": [], "genders": ["female"], "keywords": ["afterlife", "protection", "souls"]},
        "Hert-ketit-s": {"depictions": ["lioness"], "genders": ["female"], "keywords": ["lioness"]},
        "Hert-Nemmat-Set": {"depictions": [], "genders": ["female"], "keywords": ["punishment"]},
        "Hert-sefu-s": {"depictions": [], "genders": ["female"], "keywords": []},
        "Heru-Khu": {"depictions": [], "genders": ["male"], "keywords": []},
        "Heru-pa-kaut": {"depictions": ["fish"], "genders": ["female"], "keywords": ["fish"]},
        "Hery-sha-duat": {"depictions": [], "genders": ["male"], "keywords": ["fields", "underworld"]},
        "Heryshaf": {"depictions": ["ram"], "genders": ["male"], "keywords": ["ram"]},
        "Hesat": {"depictions": ["cow"], "genders": ["female"], "keywords": ["cow"]},
        "Heset": {"depictions": [], "genders": ["female"], "keywords": ["drink", "food"]},
        "Hetepes-Sekhus": {"depictions": ["cobra"], "genders": ["female"], "keywords": ["cobra"]},
        "Horea": {"depictions": [], "genders": ["female"], "keywords": []},
        "Horus": {"depictions": ["falcon", "human child"], "genders": ["male"], "keywords": ["healing", "kingship", "protection", "sky", "sun"]},
        "Hu": {"depictions": [], "genders": ["male"], "keywords": ["spoken word"]},
        "Iabet": {"depictions": [], "genders": ["female"], "keywords": ["fertility", "rebirth"]},
        "Iah": {"depictions": [], "genders": ["male"], "keywords": ["moon"]},
        "Iat": {"depictions": [], "genders": ["female"], "keywords": ["milk", "nursing"]},
        "Ihu": {"depictions": [], "genders": ["male"], "keywords": ["sistrum"]},
        "Ihy": {"depictions": ["child"], "genders": ["male"], "keywords": ["child", "joy", "music", "sistrum"]},
        "Imentet": {"depictions": [], "genders": ["female"], "keywords": ["afterlife"]},
        "Imhotep": {"depictions": [], "genders": ["male"], "keywords": ["architect", "healer"]},
        "Ipy": {"depictions": ["hippopotamus"], "genders": ["female"], "keywords": ["hippopotamus", "motherhood"]},
        "Ishtar": {"depictions": [], "genders": ["male"], "keywords": []},
        "Isis": {"depictions": [], "genders": ["female"], "keywords": ["Ennead", "funerary rites", "magic", "motherhood", "protection"]},
        "Iusaaset": {"depictions": [], "genders": ["female"], "keywords": []},
        "Iw": {"depictions": [], "genders": ["female"], "keywords": ["creation"]},
        "Joh": {"depictions": [], "genders": ["male"], "keywords": ["moon"]},
        "Jupiter-Amun": {"depictions": [], "genders": ["male"], "keywords": ["oasis"]},
        "Kabechet": {"depictions": [], "genders": ["female"], "keywords": ["mummification"]},
        "Kagemni": {"depictions": [], "genders": ["male"], "keywords": []},
        "Kebehut": {"depictions": [], "genders": ["female"], "keywords": ["freshness"]},
        "Kek": {"depictions": [], "genders": ["female", "male"], "keywords": ["chaos", "darkness"]},
        "Ken": {"depictions": [], "genders": ["female"], "keywords": ["love"]},
        "Khefthernebes": {"depictions": [], "genders": ["female"], "keywords": ["funerary rites"]},
        "Khenmu": {"depictions": ["ram"], "genders": ["male"], "keywords": ["clay", "humans", "ram"]},
        "Khentamentiu": {"depictions": [], "genders": ["male"], "keywords": ["necropolis"]},
        "Khentekhtai": {"depictions": ["crocodile"], "genders": ["male"], "keywords": ["crocodile"]},
        "Khenti-Amenti": {"depictions": [], "genders": ["male"], "keywords": []},
        "Khenti-qerer": {"depictions": [], "genders": ["male"], "keywords": []},
        "Khepri": {"depictions": ["scarab beetle"], "genders": ["male"], "keywords": ["beetle", "creation", "scarab", "sun"]},
        "Kherty": {"depictions": ["ram"], "genders": ["male"], "keywords": ["ram", "underworld"]},
        "Khesfu": {"depictions": [], "genders": ["male"], "keywords": ["spear"]},
        "Khnum (Khnemu)": {"depictions": ["ram"], "genders": ["male"], "keywords": ["Nile", "flood", "life", "ram"]},
        "Khonsu": {"depictions": ["moon"], "genders": ["male"], "keywords": ["moon"]},
        "Kneph": {"depictions": ["ram"], "genders": ["male"], "keywords": ["creation", "ram"]},
        "Maahes": {"depictions": ["lion"], "genders": ["male"], "keywords": ["lion"]},
        "Maat": {"depictions": [], "genders": ["female"], "keywords": ["justice", "order", "truth"]},
        "Mafdet": {"depictions": [], "genders": ["female"], "keywords": ["protection"]},
        "Mahes": {"depictions": [], "genders": ["male"], "keywords": ["punishment"]},
        "Mandulis": {"depictions": [], "genders": ["male"], "keywords": ["sun"]},
        "Matit": {"depictions": ["cat"], "genders": ["female"], "keywords": ["cat", "funerary rites"]},
        "Mehen": {"depictions": ["snake"], "genders": ["male"], "keywords": ["protection", "snake", "underworld"]},
        "Mehet-Weret": {"depictions": ["cow"], "genders": ["female"], "keywords": ["cow"]},
        "Mehit": {"depictions": ["lioness"], "genders": ["female"], "keywords": ["lioness"]},
        "Mekhit": {"depictions": [], "genders": ["female"], "keywords": ["war"]},
        "Menhit": {"depictions": ["lioness"], "genders": ["female"], "keywords": ["lioness", "sun"]},
        "Meretseger": {"depictions": ["cobra"], "genders": ["female"], "keywords": ["cobra"]},
        "Merit": {"depictions": [], "genders": ["female"], "keywords": ["music"]},
        "Meskhenet": {"depictions": [], "genders": ["female"], "keywords": ["childbirth"]},
        "Mestȧ": {"depictions": [], "genders": ["male"], "keywords": []},
        "Meḥt-urt": {"depictions": [], "genders": ["female"], "keywords": ["sky"]},
        "Mihos": {"depictions": [], "genders": ["male"], "keywords": []},
        "Min": {"depictions": [], "genders": ["male"], "keywords": ["virility"]},
        "Mnevis": {"depictions": ["bull"], "genders": ["male"], "keywords": ["Heliopolis", "bull"]},
        "Montu": {"depictions": [], "genders": ["male"], "keywords": ["Thebes", "sun", "war"]},
        "Mut": {"depictions": ["lioness"], "genders": ["female"], "keywords": ["Thebes", "lioness"]},
        "Nakith": {"depictions": [], "genders": ["female"], "keywords": ["underworld"]},
        "Nebethetepet": {"depictions": [], "genders": ["female"], "keywords": []},
        "Nebt-Ankhiu": {"depictions": [], "genders": ["female"], "keywords": ["underworld"]},
        "Nebt-Khu": {"depictions": [], "genders": ["female"], "keywords": ["underworld"]},
        "Nebt-Mat": {"depictions": [], "genders": ["female"], "keywords": ["underworld"]},
        "Nebt-Setau": {"depictions": [], "genders": ["female"], "keywords": ["underworld"]},
        "Nebt-Shat": {"depictions": [], "genders": ["female"], "keywords": ["underworld"]},
        "Nebt-Shefshefet": {"depictions": [], "genders": ["female"], "keywords": ["underworld"]},
        "Nefer": {"depictions": [], "genders": ["male"], "keywords": []},
        "Neferhotep": {"depictions": [], "genders": ["male"], "keywords": []},
        "Nefertum": {"depictions": [], "genders": ["male"], "keywords": ["lotus blossom", "perfume", "sun", "time"]},
        "Nefertȧry": {"depictions": [], "genders": ["female"], "keywords": []},
        "Nehebu-Kau": {"depictions": ["snake"], "genders": ["male"], "keywords": ["protection", "snake"]},
        "Nehmetawy": {"depictions": [], "genders": ["female"], "keywords": []},
        "Neith": {"depictions": [], "genders": ["female"], "keywords": ["Sais", "creation", "hunter"]},
        "Nekhbet (Nekhebit)": {"depictions": ["vulture"], "genders": ["female"], "keywords": ["vulture"]},
        "Nemty": {"depictions": ["falcon"], "genders": ["male"], "keywords": ["falcon", "ferryman"]},
        "Neper": {"depictions": [], "genders": ["male"], "keywords": ["grain"]},
        "Nephthys (Neb-t kha-t)": {"depictions": [], "genders": ["female"], "keywords": ["Ennead"]},
        "Nepit": {"depictions": [], "genders": ["female"], "keywords": ["grain"]},
        "Nu": {"depictions": [], "genders": ["female", "male"], "keywords": ["creation", "formlessness"]},
        "Nut": {"depictions": [], "genders": ["female"], "keywords": ["Ennead", "sky"]},
        "Nūn": {"depictions": [], "genders": ["male"], "keywords": ["water"]},
        "Osiris": {"depictions": [], "genders": ["male"], "keywords": ["Ennead", "death", "resurrection", "underworld"]},
        "Pakhet": {"depictions": ["lioness"], "genders": ["female"], "keywords": ["Beni Hasan", "lioness"]},
        "Panebtawy": {"depictions": ["child"], "genders": ["male"], "keywords": ["child"]},
        "Pelican": {"depictions": [], "genders": ["female"], "keywords": ["underworld"]},
        "Perit": {"depictions": [], "genders": ["female"], "keywords": ["underworld"]},
        "Pesi": {"depictions": [], "genders": ["female"], "keywords": ["underworld"]},
        "Petbe": {"depictions": [], "genders": ["male"], "keywords": ["revenge"]},
        "Peteese": {"depictions": [], "genders": ["male"], "keywords": []},
        "Pihor": {"depictions": [], "genders": ["male"], "keywords": []},
        "Ptah": {"depictions": [], "genders": ["male"], "keywords": ["Memphis", "craftsmen", "creation"]},
        "Ptah-hotep": {"depictions": [], "genders": ["male"], "keywords": []},
        "Qebeḥsenuf": {"depictions": [], "genders": ["male"], "keywords": []},
        "Qebhet": {"depictions": [], "genders": ["female"], "keywords": ["souls", "underworld", "water"]},
        "Qebui": {"depictions": [], "genders": ["male"], "keywords": ["wind"]},
        "Qererti": {"depictions": [], "genders": ["female"], "keywords": []},
        "Qerhet": {"depictions": [], "genders": ["female"], "keywords": []},
        "Qetesh": {"depictions": [], "genders": ["female"], "keywords": ["ecstasy", "religion", "sexuality"]},
        "Ra": {"depictions": ["sun"], "genders": ["male"], "keywords": ["sun"]},
        "Ra (Re)": {"depictions": [], "genders": ["female", "male"], "keywords": ["Heliopolis", "afterlife", "creation", "ruler", "sun"]},
        "Ra-ateni": {"depictions": [], "genders": ["male"], "keywords": []},
        "Raet-Tawy": {"depictions": [], "genders": ["female"], "keywords": []},
        "Rekhit": {"depictions": [], "genders": ["female"], "keywords": ["underworld"]},
        "Renenet": {"depictions": [], "genders": ["female"], "keywords": ["fortune"]},
        "Renenutet": {"depictions": [], "genders": ["female"], "keywords": ["agriculture"]},
        "Renpet": {"depictions": [], "genders": ["female"], "keywords": ["year"]},
        "Reshep": {"depictions": [], "genders": ["male"], "keywords": ["war"]},
        "Reshpu": {"depictions": [], "genders": ["male"], "keywords": ["beard", "crown"]},
        "Rā-Ḥerakhty": {"depictions": [], "genders": ["male"], "keywords": ["beauty"]},
        "Sah": {"depictions": [], "genders": ["male"], "keywords": ["Orion", "stars"]},
        "Sait": {"depictions": [], "genders": ["female"], "keywords": ["underworld"]},
        "Satet": {"depictions": [], "genders": ["female"], "keywords": ["flood"]},
        "Sebeg": {"depictions": [], "genders": ["male"], "keywords": ["Mercury"]},
        "Sebek": {"depictions": ["crocodile"], "genders": ["male"], "keywords": ["crocodile"]},
        "Sebiumeker": {"depictions": [], "genders": ["male"], "keywords": ["fertility", "protection"]},
        "Sed": {"depictions": ["jackal"], "genders": ["male"], "keywords": ["jackal", "protection"]},
        "Sefkhet-Abwy": {"depictions": [], "genders": ["female"], "keywords": ["libraries", "temples", "writing"]},
        "Sehith": {"depictions": [], "genders": ["female"], "keywords": ["underworld"]},
        "Seker": {"depictions": [], "genders": ["male"], "keywords": ["Memphis", "afterlife", "necropolis"]},
        "Sekhat-Hor": {"depictions": ["cow"], "genders": ["female"], "keywords": ["cow"]},
        "Sekhemus": {"depictions": [], "genders": ["male"], "keywords": []},
        "Sekhet-Metu": {"depictions": [], "genders": ["female"], "keywords": ["underworld"]},
        "Sekhmet": {"depictions": ["lioness"], "genders": ["female"], "keywords": ["destruction", "lioness", "protection", "violence", "warding disease"]},
        "Sepa": {"depictions": ["centipede"], "genders": ["male"], "keywords": ["centipede", "protection", "snake bites"]},
        "Sepes": {"depictions": [], "genders": ["male"], "keywords": ["tree"]},
        "Sepṭu": {"depictions": [], "genders": ["male"], "keywords": ["beard", "plume"]},
        "Serapis": {"depictions": [], "genders": ["male"], "keywords": []},
        "Seret": {"depictions": ["lioness"], "genders": ["female"], "keywords": ["lioness"]},
        "Serket": {"depictions": ["scorpion"], "genders": ["female"], "keywords": ["healing", "protection", "scorpion"]},
        "Sesenet-Khu": {"depictions": [], "genders": ["female"], "keywords": ["underworld"]},
        "Seshat": {"depictions": ["scribe"], "genders": ["female"], "keywords": ["record-keeping", "scribe", "writing"]},
        "Set": {"depictions": [], "genders": ["male"], "keywords": ["Ennead", "chaos", "desert", "strength", "violence"]},
        "Seta-Ta": {"depictions": [], "genders": ["male"], "keywords": ["mummy"]},
        "Setcheh": {"depictions": ["snake"], "genders": ["male"], "keywords": ["demon", "snake"]},
        "Setem": {"depictions": [], "genders": ["male"], "keywords": ["healing"]},
        "Shai": {"depictions": [], "genders": ["female", "male"], "keywords": ["fate"]},
        "Shed": {"depictions": [], "genders": ["male"], "keywords": ["protection"]},
        "Shehbui": {"depictions": [], "genders": ["male"], "keywords": ["wind"]},
        "Shemat-Khu": {"depictions": [], "genders": ["female"], "keywords": ["underworld"]},
        "Shentayet": {"depictions": [], "genders": ["female"], "keywords": ["protection", "widows"]},
        "Shenty": {"depictions": ["cow"], "genders": ["female"], "keywords": ["cow"]},
        "Shesmetet": {"depictions": ["lioness"], "genders": ["female"], "keywords": ["lioness"]},
        "Shezmu": {"depictions": [], "genders": ["male"], "keywords": ["oil", "souls", "wine"]},
        "Shu": {"depictions": [], "genders": ["male"], "keywords": ["Ennead", "air", "wind"]},
        "Sia": {"depictions": [], "genders": ["male"], "keywords": ["perception"]},
        "Sobek": {"depictions": ["crocodile"], "genders": ["male"], "keywords": ["crocodile"]},
        "Sopd": {"depictions": [], "genders": ["male"], "keywords": []},
        "Sopdet": {"depictions": [], "genders": ["female"], "keywords": ["Sirius", "stars"]},
        "Sopdu": {"depictions": [], "genders": ["male"], "keywords": ["sky"]},
        "Sothis": {"depictions": [], "genders": ["male"], "keywords": ["Sirius", "star"]},
        "Swenet": {"depictions": [], "genders": ["female"], "keywords": []},
        "Ta-Bitjet": {"depictions": ["scorpion"], "genders": ["female"], "keywords": ["scorpion"]},
        "Ta-Sent-Nefert": {"depictions": [], "genders": ["female"], "keywords": []},
        "Tafner": {"depictions": ["vulture"], "genders": ["female"], "keywords": ["vulture"]},
        "Taweret": {"depictions": ["hippopotamus"], "genders": ["female"], "keywords": ["childbirth", "hippopotamus", "protection", "women"]},
        "Tayt": {"depictions": [], "genders": ["female"], "keywords": ["weaving"]},
        "Tefnut": {"depictions": [], "genders": ["female"], "keywords": ["Ennead", "water"]},
        "Temet": {"depictions": [], "genders": ["female"], "keywords": []},
        "Temtith": {"depictions": [], "genders": ["female"], "keywords": ["underworld"]},
        "Tenenet": {"depictions": [], "genders": ["female"], "keywords": ["brewing"]},
        "Themath": {"depictions": [], "genders": ["female"], "keywords": ["underworld"]},
        "Thermuthis": {"depictions": [], "genders": ["female"], "keywords": ["fate", "fertility", "harvest"]},
        "Thmei": {"depictions": [], "genders": ["female"], "keywords": ["truth"]},
        "Thoeris": {"depictions": [], "genders": ["female"], "keywords": ["protection"]},
        "Thoth": {"depictions": ["moon"], "genders": ["male"], "keywords": ["Hermopolis", "moon", "scribes", "writing"]},
        "Tjenenyet": {"depictions": [], "genders": ["female"], "keywords": ["protection"]},
        "Tjenmyt": {"depictions": [], "genders": ["female"], "keywords": ["beer"]},
        "Tutu": {"depictions": [], "genders": ["male"], "keywords": []},
        "Uneg/Weneg": {"depictions": [], "genders": ["male"], "keywords": ["order", "plants"]},
        "Unut": {"depictions": ["hare", "snake"], "genders": ["female"], "keywords": ["hare", "snake"]},
        "Usit": {"depictions": [], "genders": ["female"], "keywords": ["underworld"]},
        "Wadj-wer": {"depictions": ["lake", "ocean", "sea"], "genders": ["male"], "keywords": ["Nile", "lake", "ocean", "sea"]},
        "Wadjet": {"depictions": ["cobra"], "genders": ["female"], "keywords": ["cobra"]},
        "Wenenu": {"depictions": [], "genders": ["male"], "keywords": ["protection"]},
        "Wepset": {"depictions": ["snake"], "genders": ["female"], "keywords": ["protection", "snake"]},
        "Wepwawet": {"depictions": ["jackal"], "genders": ["male"], "keywords": ["afterlife", "jackal", "war"]},
        "Werethekau": {"depictions": [], "genders": ["female"], "keywords": ["protection"]},
        "Wosret": {"depictions": [], "genders": ["female"], "keywords": ["Thebes"]},
        "Yah": {"depictions": [], "genders": ["male"], "keywords": ["moon"]},
        "Yam": {"depictions": [], "genders": ["male"], "keywords": ["ocean", "sea"]},
        "Ānqet": {"depictions": [], "genders": ["female"], "keywords": ["feathers", "headdress"]},
        "Āntȧ": {"depictions": [], "genders": ["female"], "keywords": []},
        "Āpesh": {"depictions": ["turtle"], "genders": ["male"], "keywords": ["turtle"]},
        "Ȧnḥert": {"depictions": [], "genders": ["male"], "keywords": ["beard", "sky"]},
        "Ḥapy": {"depictions": [], "genders": ["male"], "keywords": []},
        "Ṭuamutef": {"depictions": [], "genders": ["male"], "keywords": []},
        "Ảpet": {"depictions": [], "genders": ["female"], "keywords": ["sun"]}
    }
}
