{
  "description": "Hebrew names of God used in the Old Testament Bible",
  "names": [
    {
      "name": "El Shaddai",
      "meaning": "Lord God Almighty"
    },
    {
      "name": "El Elyon",
      "meaning": "The Most High God"
    },
    {
      "name": "Adonai",
      "meaning": "Lord, Master"
    },
    {
      "name": "Yahweh",
      "meaning": "Lord, Jehovah"
    },
    {
      "name": "Jehovah Nissi",
      "meaning": "The Lord My Banner"
    },
    {
      "name": "Jehovah-Raah",
      "meaning": "The Lord My Shepherd"
    },
    {
      "name": "Jehovah Rapha",
      "meaning": "The Lord That Heals"
    },
    {
      "name": "Jehovah Shammah",
      "meaning": "The Lord Is There"
    },
    {
      "name": "Jehovah Tsidkenu",
      "meaning": "The Lord Our Righteousness"
    },
    {
      "name": "Jehovah Mekoddishkem",
      "meaning": "The Lord Who Sanctifies You"
    },
    {
      "name": "El Olam",
      "meaning": "The Everlasting God"
    },
    {
      "name": "Elohim",
      "meaning": "God"
    },
    {
      "name": "Qanna",
      "meaning": "Jealous"
    },
    {
      "name": "Jehovah Jireh",
      "meaning": "The Lord Will Provide"
    },
    {
      "name": "Jehovah Shalom",
      "meaning": "The Lord Is Peace"
    },
    {
      "name": "Jehovah Sabaoth",
      "meaning": "The Lord of Hosts"
    }
  ]
}
