{
	"description": "U.S. State Capitals",
	"source": "Wikipedia: List of U.S. state capitals",
	"capitals": [{
			"capital": "Montgomery",
			"state": "Alabama"
		},
		{
			"capital": "Juneau",
			"state": "Alaska"
		},
		{
			"capital": "Phoenix",
			"state": "Arizona"
		},
		{
			"capital": "Little Rock",
			"state": "Arkansas"
		},
		{
			"capital": "Sacramento",
			"state": "California"
		},
		{
			"capital": "Denver",
			"state": "Colorado"
		},
		{
			"capital": "Hartford",
			"state": "Connecticut"
		},
		{
			"capital": "Dover",
			"state": "Delaware"
		},
		{
			"capital": "Tallahassee",
			"state": "Florida"
		},
		{
			"capital": "Atlanta",
			"state": "Georgia"
		},
		{
			"capital": "Honolulu",
			"state": "Hawaii"
		},
		{
			"capital": "Boise",
			"state": "Idaho"
		},
		{
			"capital": "Springfield",
			"state": "Illinois"
		},
		{
			"capital": "Indianapolis",
			"state": "Indiana"
		},
		{
			"capital": "Des Moines",
			"state": "Iowa"
		},
		{
			"capital": "Topeka",
			"state": "Kansas"
		},
		{
			"capital": "Frankfort",
			"state": "Kentucky"
		},
		{
			"capital": "Baton Rouge",
			"state": "Louisiana"
		},
		{
			"capital": "Augusta",
			"state": "Maine"
		},
		{
			"capital": "Annapolis",
			"state": "Maryland"
		},
		{
			"capital": "Boston",
			"state": "Massachusetts"
		},
		{
			"capital": "Lansing",
			"state": "Michigan"
		},
		{
			"capital": "Saint Paul",
			"state": "Minnesota"
		},
		{
			"capital": "Jackson",
			"state": "Mississippi"
		},
		{
			"capital": "Jefferson City",
			"state": "Missouri"
		},
		{
			"capital": "Helena",
			"state": "Montana"
		},
		{
			"capital": "Lincoln",
			"state": "Nebraska"
		},
		{
			"capital": "Carson City",
			"state": "Nevada"
		},
		{
			"capital": "Concord",
			"state": "New Hampshire"
		},
		{
			"capital": "Trenton",
			"state": "New Jersey"
		},
		{
			"capital": "Santa Fe",
			"state": "New Mexico"
		},
		{
			"capital": "Albany",
			"state": "New York"
		},
		{
			"capital": "Raleigh",
			"state": "North Carolina"
		},
		{
			"capital": "Bismarck",
			"state": "North Dakota"
		},
		{
			"capital": "Columbus",
			"state": "Ohio"
		},
		{
			"capital": "Oklahoma City",
			"state": "Oklahoma"
		},
		{
			"capital": "Salem",
			"state": "Oregon"
		},
		{
			"capital": "Harrisburg",
			"state": "Pennsylvania"
		},
		{
			"capital": "Providence",
			"state": "Rhode Island"
		},
		{
			"capital": "Columbia",
			"state": "South Carolina"
		},
		{
			"capital": "Pierre",
			"state": "South Dakota"
		},
		{
			"capital": "Nashville",
			"state": "Tennessee"
		},
		{
			"capital": "Austin",
			"state": "Texas"
		},
		{
			"capital": "Salt Lake City",
			"state": "Utah"
		},
		{
			"capital": "Montpelier",
			"state": "Vermont"
		},
		{
			"capital": "Richmond",
			"state": "Virginia"
		},
		{
			"capital": "Olympia",
			"state": "Washington"
		},
		{
			"capital": "Charleston",
			"state": "West Virginia"
		},
		{
			"capital": "Madison",
			"state": "Wisconsin"
		},
		{
			"capital": "Cheyenne",
			"state": "Wyoming"
		}
	]
}
