{
    "Worldwide or Serving Multiple Countries": [
        "Albino Squirrel Preservation Society",
        "Alley Cat Allies",
        "Animal People (based in U.S.)",
        "Animal Transportation Association",
        "Animal Welfare Institute",
        "AnimaNaturalis",
        "Association of Zoos and Aquariums",
        "Association for Assessment and Accreditation of Laboratory Animal Care International",
        "Bat Conservation International",
        "BirdLife International",
        "Brooke Hospital for Animals (equine)",
        "Care for the Wild International",
        "Compassion in World Farming",
        "The Donkey Sanctuary (based in U.K.)",
        "Friends of Animals",
        "Global Alliance for Rabies Control",
        "Grey2K USA",
        "Humane Slaughter Association (based in UK)",
        "Humane Society International",
        "International Animal Rescue",
        "International Bird Rescue (based in California)",
        "International Fund for Animal Welfare (IFAW)",
        "International Primate Protection League",
        "Jane Goodall Institute",
        "Let's Adopt",
        "Marine Connection",
        "Monkey World (based in U.K.)",
        "Parrots International",
        "Performing Animal Welfare Society",
        "Royal Society for the Prevention of Cruelty to Animals[1]",
        "SANCCOB (seabirds, based in South Africa)",
        "Sea Shepherd Conservation Society",
        "Shark Trust",
        "Universities Federation for Animal Welfare (UFAW)",
        "Vegan Outreach",
        "Vets Beyond Borders",
        "Vets for Change",
        "Whale and Dolphin Conservation Society",
        "Wolf Preservation Foundation",
        "World Animal Protection",
        "World Association of Zoos and Aquariums",
        "World Horse Welfare"
    ],
    "Australia": [
        "Animals Australia",
        "Lone Pine Koala Sanctuary",
        "Lost Dogs' Home",
        "RSPCA Australia",
        "Voiceless, the animal protection institute",
        "Cat Protection Society of NSW",
        "DoggieRescue.com",
        "RSPCA NSW",
        "Cat Protection Society of Victoria"
    ],
    "Belgium": [
        "Prince Laurent Foundation"
    ],
    "Bolivia": [
        "Comunidad Inti Wara Yassi",
        "La Senda Verde (wildlife)",
        "Voluntarios en Defensa de los Animales"
    ],
    "Canada": [
        "Alberta SPCA",
        "Canada's Accredited Zoos and Aquariums",
        "Canadian Association for Laboratory Animal Science",
        "Canadian Council on Animal Care (lab animals)",
        "Canadian Federation of Humane Societies",
        "Canadian Science Centre for Human and Animal Health",
        "Cochrane & Area Humane Society",
        "Dog Legislation Council of Canada",
        "Fauna Foundation",
        "Little RES Q (Toronto, turtles)",
        "Nova Scotia Society for the Prevention of Cruelty",
        "Ontario Society for the Prevention of Cruelty to Animals",
        "Prairie Wildlife Rehabilitation Centre",
        "Richmond Animal Protection Society",
        "Second Chance Animal Rescue Society",
        "Senior Animals In Need Today Society",
        "Toronto Cat Rescue",
        "Toronto Humane Society",
        "Vancouver Orphan Kitten Rescue Association",
        "Voice for Animals Humane Society"
    ],
    "China": [
        "China Animal Disease Control Center[2]",
        "Chinese Animal Protection Network",
        "Wah Yan College Cats",
        "Jane Goodall Institute (Hong Kong)",
        "Society for the Prevention of Cruelty to Animals (Hong Kong)",
        "Ping An A Fu[3]",
        "Vshine Animal Protection Organization[4]",
        "Home of Love[5]"
    ],
    "Denmark": [
        "Anima (organization)",
        "Inges kattehjem"
    ],
    "Egypt": [
        "Society for Protection of Animal Rights in Egypt"
    ],
    "Germany": [
        "Deutsche Arbeitsgemeinschaft zum Schutz der Eulen (owls)"
    ],
    "Ghana": [
        "Ghana Wildlife Society"
    ],
    "Hungary": [
        "White Cross Animal Protection Society[6]"
    ],
    "India": [
        "Abubshahar Wildlife Sanctuary",
        "Animal Aid Unlimited (Udaipur, Rajasthan)",
        "Animal Welfare Board of India",
        "Bir Bara Ban Wildlife Sanctuary",
        "Bir Shikargah Wildlife Sanctuary",
        "The Blue Cross of Hyderabad",
        "Blue Cross of India (Chennai)",
        "Buddha Society for Animal Welfare",
        "Ch. Surender Singh Memorial Herbal Park, Kairu",
        "Federation of Indian Animal Protection Organization",
        "GOAL Foundation: Group of Animal Lovers - Gujarat province",
        "Help In Suffering (Jaipur, Rajasthan)",
        "Khol Hi-Raitan Wildlife Sanctuary",
        "Let's Live Together (dogs, Bangalore)",
        "National Institute of Animal Welfare",
        "Wildlife Institute of India",
        "Wildlife Rescue & Rehabilitation Centre (Bangalore)",
        "Wildlife SOS"
    ],
    "Indonesia": [
        "Bali Street Dog Foundation",
        "Profauna Indonesia",
        "Bali Animal Welfare Association"
    ],
    "Palestine": [
        "Palestine Wildlife Society (wildlife, nature, animals & farms)"
    ],
    "Japan": [
        "Japan Animal Welfare Society"
    ],
    "Jersey": [
        "Jersey Society for the Prevention of Cruelty to Animals"
    ],
    "Kenya": [
        "David Sheldrick Wildlife Trust",
        "Kenya Society for the Protection and Care of Animals"
    ],
    "Malaysia": [
        "Sarawak Society for the Prevention of Cruelty to Animals",
        "SPCA Selangor, Malaysia"
    ],
    "Malta": [
        "St. Francis Foundation for Animals"
    ],
    "Mexico": [
        "NACER.org"
    ],
    "Mozambique": [
        "Mozambique Animal Protection Society"
    ],
    "Namibia": [
        "Tierschutzverein Swakopmund (SPCA)"
    ],
    "Nepal": [
        "Animal Rights Club Nepal",
        "Animal Nepal",
        "Animal Welfare Network Nepal",
        "Kathmandu Animal Treatment Centre"
    ],
    "The Netherlands": [
        "Dutch Society for the Protection of Animals"
    ],
    "Norway": [
        "Dyrebeskyttelsen Norge"
    ],
    "New Zealand": [
        "Royal New Zealand Society for the Prevention of Cruelty to Animals",
        "PAWS Rescue & Rehabilitation[7]"
    ],
    "Pakistan": [
        "Pakistan Animal Welfare Society"
    ],
    "The Philippines": [
        "Compassion and Responsibility for Animals",
        "Philippine Animal Welfare Society",
        "Philippine Tarsier Foundation"
    ],
    "Serbia": [
        "Organization for Respect and Care for Animals"
    ],
    "Singapore": [
        "Animal Concerns Research and Education Society (ACRES)",
        "Agency for Animal Welfare Ltd. (AAW)",
        "Singapore Society for the Prevention of Cruelty to Animals"
    ],
    "Somalia": [
        "Somali Animal Health Services Project[8]"
    ],
    "Sri Lanka": [
        "Dog Care Clinic"
    ],
    "South Africa": [
        "Cape of Good Hope SPCA",
        "Chimp Eden"
    ],
    "Sweden": [],
    "Thailand": [
        "Elephant Nature Park",
        "Elephantstay",
        "Thai Animal Guardians"
    ],
    "Turkey": [
        "Let's Adopt",
        "HAYTAP"
    ],
    "Uganda": [
        "Ziwa Rhino Sanctuary"
    ],
    "United Kingdom": [
        "Animal Allsorts",
        "Assisi Animal Sanctuary",
        "Badger Trust",
        "Battersea Dogs and Cats Home (London)",
        "Blue Cross",
        "British Divers Marine Life Rescue",
        "British Horse Society",
        "Cats Protection",
        "Dogs Trust",
        "DSPCA (Dublin)",
        "Eurogroup for Animals",
        "Farm Animal Welfare Council",
        "Hillside Animal Sanctuary",
        "The Horse Trust",
        "Hounds for Heroes",
        "Irish Blue Cross",
        "League Against Cruel Sports",
        "The Mayhew Animal Home",
        "National Animal Welfare Trust",
        "National Office of Animal Health",
        "National Wildlife Crime Unit",
        "Oxford Centre for Animal Ethics",
        "People's Dispensary for Sick Animals",
        "Redwings Horse Sanctuary",
        "Retired Greyhound Trust",
        "Royal Society for the Prevention of Cruelty to Animals (RSPCA)",
        "Save Me (animal welfare)",
        "Scottish Society for Prevention of Cruelty to Animals",
        "Screech Owl Sanctuary",
        "Swan Sanctuary, Shepperton",
        "Thornberry Animal Sanctuary",
        "Ulster Society for the Prevention of Cruelty to Animals",
        "Wetheriggs Zoo and Animal Sanctuary"
    ],
    "United States of America": [
        "Alabama Wildlife Center",
        "Alley Cat Allies",
        "Alley Cat Rescue",
        "Alliance for Animals",
        "American Humane Association",
        "American Pet Association",
        "American Society for the Prevention of Cruelty to Animals",
        "American Tortoise Rescue",
        "Animal Care & Control of NYC",
        "Animal Chaplain Services (based in Florida)",
        "Animal Legal Defense Fund",
        "Animal Medical Center of New York",
        "Animal Ministry Institute",
        "Animal People",
        "Animal Protection and Rescue League",
        "Animal Rescue Foundation",
        "Animal Rescue League of Iowa",
        "Animal Rescue League of Western Pennsylvania",
        "Animal Rescue Media Education (ARME)",
        "Arizona Humane Society",
        "Bat World Sanctuary",
        "Bay Area Dog-lovers Responsible About Pit Bulls (based in California)",
        "BC Animal Welfare Society",
        "Bergen County SPCA",
        "Best Friends Animal Society",
        "Black Pine Animal Sanctuary",
        "Blankets Fur Beasties",
        "Born Free USA",
        "California Equine Rescue Center",
        "California Equine Retirement Foundation",
        "Carolina Tiger Rescue",
        "Center for Elephant Conservation",
        "Center for Great Apes",
        "Chimps Inc.",
        "City Kitties",
        "Coastal Pet Rescue",
        "Copper Country Humane Society",
        "Crash's Landing & Big Sid's Sanctuary",
        "Dedication and Everlasting Love to Animals Rescue",
        "Detroit Dog Rescue",
        "Dogs Deserve Better (based in Virginia)",
        "Doris Day Animal Foundation",
        "Dumb Friends League",
        "East County Animal Rescue",
        "East Lake Pet Orphanage (Dallas)",
        "Farm Sanctuary",
        "Feral Cat Coalition of Oregon",
        "FixNation",
        "Folsom City Zoo Sanctuary",
        "Forgotten Cats",
        "Foundation Against Companion-Animal Euthanasia (FACE)",
        "Frankie's Friends",
        "Franklin County Dog Shelter",
        "Friends of Animals",
        "Friends of Indianapolis Animal Care & Control",
        "Furry Feet Rescue",
        "Goathouse Refuge (cats)",
        "Habitat for Hounds",
        "Hand2Paw",
        "Hawaiian Humane Society",
        "Heaven's Corner",
        "Help for Helpless Animals (Dallas)",
        "Hope for Paws",
        "House Rabbit Society",
        "Houston Society for the Prevention of Cruelty to Animals",
        "Humane Farm Animal Care",
        "Humane League of Lancaster County",
        "Humane Research Council",
        "Humane Society of Huron Valley",
        "Humane Society of Indianapolis",
        "Humane Society of the United States (HSUS)",
        "Humanity for Horses",
        "IndyFeral",
        "Ironwood Pig Sanctuary",
        "It's Meow Or Never For Ferals, Inc.",
        "Kentucky Humane Society",
        "Kids Against Animal Cruelty",
        "Kitten Rescue",
        "Lange Foundation",
        "Last Hope, Inc.",
        "Liberty Humane Society",
        "Marin Humane Society",
        "Marine Mammal Care Center",
        "Massachusetts Society for the Prevention of Cruelty to Animals-Angell Animal Medical Center",
        "Michiana Animal Alliance",
        "Michigan Humane Society",
        "Midwest Avian Adoption and Rescue Services (MAARS)",
        "Monmouth County SPCA",
        "Muttshack Animal Rescue Foundation",
        "National Animal Interest Alliance",
        "National Center for Prosecution of Animal Abuse",
        "New Jersey Society for the Prevention of Cruelty to Animals",
        "No Kill Advocacy Center",
        "North Shore Animal League America",
        "Northcoast Marine Mammal Center",
        "NYC Feral Cat Initiative",
        "Office of Laboratory Animal Welfare",
        "Old Friends Equine",
        "Operation Kindness",
        "Our Pack (pit bulls)",
        "Pennsylvania SPCA",
        "Pets for Vets",
        "Project Bay Cat",
        "Project Puppy Mills",
        "Puppycide Database Project",
        "Purrfect pals (cats)",
        "Redwings Horse Sanctuary",
        "Respect For All Animals Movement (RFAAM)[10]",
        "Safe Humane Chicago",
        "San Antonio Feral Cat Coalition",
        "Sanctuary One",
        "Sky Ark",
        "SPOT Low Cost Spay/Neuter Clinic (Tampa Bay)",
        "Tabby's Place",
        "The Anti-Cruelty Society",
        "The Cat House on the Kings",
        "The Elephant Sanctuary (Hohenwald)",
        "The Garold Wayne Interactive Zoological Foundation",
        "The Gentle Barn",
        "The Humane League",
        "The Wild Animal Sanctuary (based in Colorado)",
        "Tiger Haven",
        "Unchain Your Dog",
        "United States Association of Reptile Keepers",
        "Villalobos Rescue Center (New Orleans, featured on the television series Pit Bulls & Parolees)",
        "Winn Feline Foundation",
        "Winslow Farm",
        "Wisconsin Black Bear Education Center",
        "Woodstock Farm Animal Sanctuary"
    ],
    "Zimbabwe": [
        "Zimbabwe Society for the Prevention of Cruelty to Animals"
    ],
    "See also": [
        "Animal rescue group",
        "List of animal rights groups",
        "Society for the Prevention of Cruelty to Animals"
    ],
    "References": [
        "Jump up ^ \"National Programme for the Protection of Animals (NPPA)\", lobbying efforts of the society are described; \"Legal Advice Service\" outlines help the society provides to people trying to enforce or deal with the national Act on the Protection of Animals, newly enacted in 1998.",
        "Jump up ^ \"Our international work\", RCPCA, accessed August 16, 2014.",
        "Jump up ^ \"Puntland Livelihood Support Program\", Vétérinaires sans Frontières Suisse, accessed Oct. 11, 2014.",
        "Jump up ^ Affiliated to the Veterinary Bureau of the Agriculture Ministry; see \"China Animal Disease Control Center Opens in Beijing\", Xinhua News Agency June 17, 2006.",
        "Jump up ^ formerly Pet 100, mentioned here: \"Street Dog Welfare in China\", Humane Society International, accessed August 16, 2014.",
        "Jump up ^ mentioned here: \"Street Dog Welfare in China\", Humane Society International, accessed August 16, 2014.",
        "Jump up ^ PAWS Rescue & Rehabilitation Facebook Page",
        "Jump up ^ Somalia: Somali Animal Health Services Project: Mid-Term Project Evaluation Report\", accessed Oct. 11, 2014.",
        "Jump up ^ The organization also has a similar website under the name \"Respect for All Animals Ministry\", accessed August 14, 2014."
    ],
    "External links": []
}
